flow_duration,packet_count,bytes_total,avg_pkt_size,std_pkt_size,max_pkt_size,min_pkt_size,packets_per_sec,bytes_per_sec,traffic_category
87.003,2598,3765755,1449.48,29.35,1500,1400,29.86,43282.87,FileTransfer
57.736,567,119284,210.38,40.71,280,140,9.82,2066.04,VoIP
86.766,848,1090838,1286.37,109.71,1480,1100,9.77,12572.2,Video
13.258,40,30822,770.55,520.37,1425,75,3.02,2324.82,Web
5.211,64,12622,197.22,69.02,318,76,12.28,2422.2,WhatsApp
70.702,2134,3094504,1450.1,29.55,1500,1400,30.18,43768.27,FileTransfer
4.378,27,20493,788.19,498.8,1429,67,6.17,4680.78,Web
45.768,785,165954,211.41,41.66,280,140,17.15,3625.97,VoIP
32.312,3286,4765896,1450.36,29.25,1500,1400,101.7,147496.34,FileTransfer
23.771,42,3893,92.69,17.75,126,65,1.77,163.77,ICMP
63.343,2842,4117899,1448.94,29.06,1500,1400,44.87,65009.49,FileTransfer
10.92,49,9267,189.12,81.45,316,64,4.49,848.62,WhatsApp
71.449,1739,2521043,1449.71,29.32,1500,1400,24.34,35284.48,FileTransfer
1.784,12,1070,89.17,19.09,122,65,6.73,599.69,ICMP
8.659,27,5093,188.63,62.67,294,69,3.12,588.18,WhatsApp
23.775,28,2651,94.68,16.74,125,66,1.18,111.5,ICMP
27.818,782,163780,209.44,40.94,280,140,28.11,5887.56,VoIP
23.966,56,27868,497.64,206.79,897,200,2.34,1162.8,Email
49.088,133,27767,208.77,38.43,279,140,2.71,565.66,VoIP
94.371,777,1007761,1296.99,110.34,1480,1100,8.23,10678.71,Video
3.785,82,60152,742.62,494.89,1455,67,21.66,15891.82,Web
119.187,572,736325,1287.28,109.64,1480,1100,4.8,6177.88,Video
11.245,79,14819,187.58,69.0,320,72,7.03,1317.82,WhatsApp
3.085,88,48633,552.65,204.88,893,215,28.53,15766.69,Email
12.404,15,10519,701.27,501.28,1455,64,1.21,848.05,Web
64.784,2857,4141961,1449.76,28.91,1500,1400,44.1,63935.19,FileTransfer
44.349,546,708323,1297.29,108.38,1480,1102,12.31,15971.5,Video
13.784,58,11054,190.59,66.48,318,72,4.21,801.93,WhatsApp
8.596,60,46511,775.18,522.04,1437,64,6.98,5410.76,Web
28.605,39,3972,101.85,18.68,128,64,1.36,138.86,ICMP
46.191,948,198273,209.15,41.25,280,140,20.52,4292.46,VoIP
52.526,1506,2183317,1449.75,28.81,1500,1400,28.67,41566.49,FileTransfer
14.592,59,10780,182.71,79.94,316,65,4.04,738.75,WhatsApp
55.659,894,1297587,1451.44,28.34,1500,1400,16.06,23313.28,FileTransfer
27.882,45,4589,101.98,17.76,128,66,1.61,164.59,ICMP
17.944,22,11924,542.0,248.25,895,210,1.23,664.5,Email
29.56,807,172467,213.71,39.41,280,140,27.3,5834.42,VoIP
59.075,864,182118,210.78,40.34,280,140,14.63,3082.82,VoIP
17.523,44,31257,726.91,489.09,1419,64,2.51,1783.76,Web
13.013,106,78105,743.86,499.67,1449,65,8.15,6001.87,Web
16.983,85,62758,738.33,504.91,1459,68,5.01,3695.36,Web
25.646,396,509487,1286.58,109.51,1480,1100,15.44,19866.26,Video
17.517,50,27413,548.26,194.9,875,203,2.85,1564.89,Email
19.405,114,62017,544.01,209.54,899,200,5.87,3195.97,Email
50.118,976,204627,209.66,40.69,280,140,19.47,4082.89,VoIP
36.146,1953,2518712,1289.66,108.81,1480,1100,54.03,69681.63,Video
13.661,51,10340,202.75,72.03,316,73,3.73,756.88,WhatsApp
19.038,73,53014,736.31,518.55,1445,69,3.83,2784.65,Web
17.266,258,54909,212.83,40.97,279,140,14.94,3180.24,VoIP
8.044,43,8768,203.91,75.96,311,66,5.35,1089.97,WhatsApp
13.733,114,62118,544.89,193.15,899,211,8.3,4523.33,Email
111.777,1431,1846589,1290.42,109.03,1480,1100,12.8,16520.37,Video
66.638,614,793976,1293.12,110.71,1480,1100,9.21,11914.8,Video
56.347,407,591202,1452.58,28.64,1500,1400,7.22,10492.2,FileTransfer
99.005,1983,2563632,1292.8,107.72,1480,1100,20.03,25893.92,Video
13.086,57,10281,180.37,77.28,315,64,4.36,785.64,WhatsApp
18.161,98,71305,735.1,509.28,1451,71,5.4,3926.36,Web
10.327,478,99235,207.6,40.42,280,140,46.29,9609.35,VoIP
8.565,56,9912,177.0,71.26,317,76,6.54,1157.25,WhatsApp
18.367,924,1339766,1449.96,29.39,1500,1400,50.31,72943.73,FileTransfer
14.24,109,58917,540.52,184.07,897,205,7.65,4137.39,Email
24.439,32,3146,98.31,18.41,125,65,1.31,128.73,ICMP
9.466,17,3329,195.82,69.88,320,64,1.8,351.67,WhatsApp
25.196,410,85197,207.8,40.5,280,140,16.27,3381.39,VoIP
13.245,46,8358,181.7,69.71,297,75,3.47,631.04,WhatsApp
5.06,20,3886,194.3,74.3,318,65,3.95,767.96,WhatsApp
19.557,139,103366,749.03,502.84,1452,78,7.11,5285.4,Web
15.791,9,884,98.22,13.81,119,76,0.57,55.98,ICMP
7.451,45,8688,193.07,78.33,320,66,6.04,1165.95,WhatsApp
60.537,2067,2996084,1449.48,29.15,1500,1400,34.14,49492.05,FileTransfer
7.779,47,4403,93.68,17.42,126,65,6.04,566.0,ICMP
19.931,686,145503,212.1,41.06,280,140,34.42,7300.26,VoIP
13.655,47,4524,96.26,18.94,126,64,3.44,331.31,ICMP
7.174,88,49588,563.5,198.24,890,201,12.27,6911.84,Email
3.692,18,1649,91.61,20.3,127,64,4.88,446.64,ICMP
2.603,66,49125,755.77,506.11,1432,66,25.36,18873.33,Web
36.952,386,82028,212.51,40.33,280,140,10.45,2219.86,VoIP
21.819,20,1839,91.95,15.96,120,64,0.92,84.29,ICMP
42.544,427,89898,210.53,41.43,280,140,10.04,2113.08,VoIP
54.211,2225,3224373,1449.16,28.72,1500,1400,41.04,59478.48,FileTransfer
14.73,57,42433,757.73,504.4,1445,71,3.87,2880.75,Web
5.325,45,7451,165.58,62.0,315,66,8.45,1399.31,WhatsApp
12.147,78,14463,185.42,67.95,320,69,6.42,1190.67,WhatsApp
32.212,1521,1962933,1290.55,110.73,1480,1100,47.22,60937.19,Video
30.611,439,91633,208.73,42.77,280,140,14.34,2993.45,VoIP
19.24,33,3110,94.24,16.46,125,64,1.72,161.64,ICMP
21.15,33,18826,570.48,198.64,897,201,1.56,890.13,Email
5.014,69,51854,762.56,520.93,1457,67,13.76,10341.32,Web
62.42,1559,2261917,1450.88,29.23,1500,1400,24.98,36236.97,FileTransfer
10.682,119,62735,527.18,199.71,899,200,11.14,5872.7,Email
9.232,44,8454,192.14,68.52,320,71,4.77,915.72,WhatsApp
93.546,387,498247,1287.46,108.08,1480,1100,4.14,5326.22,Video
23.091,770,994811,1291.96,110.12,1480,1100,33.35,43081.75,Video
28.438,35,3448,98.51,16.61,128,66,1.23,121.24,ICMP
54.273,881,184694,209.64,41.11,280,140,16.23,3403.07,VoIP
3.189,17,12959,809.94,502.73,1358,110,5.33,4063.07,Web
6.297,58,35366,609.76,205.4,899,211,9.21,5616.39,Email
48.793,791,165116,208.74,41.4,280,140,16.21,3383.99,VoIP
55.918,999,209510,209.72,39.73,280,140,17.87,3746.72,VoIP
16.66,53,5073,95.72,16.64,125,64,3.18,304.51,ICMP
49.954,487,102434,210.34,39.85,280,140,9.75,2050.58,VoIP
8.186,66,12135,183.86,69.09,319,68,8.06,1482.4,WhatsApp
17.003,31,3009,97.06,19.05,128,64,1.82,176.97,ICMP
24.172,42,23403,557.21,177.2,899,203,1.74,968.19,Email
20.482,2640,3827216,1449.7,29.49,1500,1400,128.9,186860.94,FileTransfer
60.784,921,1187984,1289.88,111.0,1480,1100,15.15,19544.44,Video
59.715,1568,2274037,1450.28,29.55,1500,1400,26.26,38081.7,FileTransfer
19.894,60,5742,95.7,18.29,128,64,3.02,288.64,ICMP
1.078,26,5444,209.38,65.18,304,65,24.13,5052.06,WhatsApp
9.705,2947,4271267,1449.36,29.29,1500,1400,303.66,440116.93,FileTransfer
13.572,126,90712,725.7,495.34,1436,64,9.28,6683.56,Web
33.933,1813,2338533,1289.87,110.95,1480,1100,53.43,68916.36,Video
6.655,31,18610,600.32,191.59,898,211,4.66,2796.33,Email
5.396,84,62211,749.53,502.18,1460,66,15.57,11528.54,Web
4.728,25,5969,238.76,64.08,314,88,5.29,1262.6,WhatsApp
6.051,23,4156,180.7,66.02,305,73,3.8,686.83,WhatsApp
12.583,112,82260,741.08,494.35,1460,64,8.9,6537.15,Web
21.485,57,5421,95.11,19.25,127,64,2.65,252.31,ICMP
8.302,20,4283,214.15,78.29,314,65,2.41,515.91,WhatsApp
1.276,30,6023,200.77,58.39,311,91,23.51,4720.69,WhatsApp
37.938,1243,1602642,1289.33,111.57,1480,1100,32.76,42244.12,Video
1.208,70,13383,191.19,71.13,316,70,57.95,11080.03,WhatsApp
9.135,8,695,86.88,13.59,107,69,0.88,76.08,ICMP
5.15,29,21754,776.93,497.07,1447,92,5.63,4224.35,Web
24.6,23,11701,508.74,181.28,879,230,0.93,475.66,Email
15.547,61,34346,563.05,210.51,890,224,3.92,2209.21,Email
11.469,49,25853,527.61,201.39,892,246,4.27,2254.1,Email
6.68,78,15021,192.58,73.06,317,70,11.68,2248.76,WhatsApp
15.585,834,1208800,1449.4,29.34,1500,1400,53.51,77562.48,FileTransfer
3.774,29,14997,517.14,180.28,893,218,7.68,3974.09,Email
77.001,1311,1900594,1449.73,29.0,1500,1400,17.03,24682.88,FileTransfer
15.731,147,110756,758.6,511.83,1455,64,9.34,7040.76,Web
29.181,36,3347,92.97,16.55,127,67,1.23,114.7,ICMP
23.189,63,36124,573.4,179.31,897,233,2.72,1557.81,Email
12.85,108,59701,552.79,200.83,900,227,8.4,4646.02,Email
4.494,26,12349,474.96,208.17,896,204,5.79,2747.72,Email
11.9,98,71343,735.49,495.76,1450,65,8.24,5995.42,Web
9.598,131,98007,753.9,515.64,1447,64,13.65,10211.22,Web
36.629,3463,5021977,1450.18,29.23,1500,1400,94.54,137104.87,FileTransfer
61.327,2080,3016690,1450.33,29.16,1500,1400,33.92,49190.5,FileTransfer
2.406,61,11983,196.44,70.84,320,72,25.35,4979.77,WhatsApp
11.961,397,82975,209.01,40.36,280,140,33.19,6937.31,VoIP
106.941,261,337990,1294.98,111.22,1480,1103,2.44,3160.53,Video
3.029,71,14156,199.38,76.41,317,67,23.44,4673.86,WhatsApp
57.884,300,63342,211.14,40.48,280,140,5.18,1094.28,VoIP
50.117,421,543851,1291.81,108.49,1479,1102,8.4,10851.71,Video
16.033,56,5276,94.21,19.42,128,64,3.49,329.06,ICMP
109.899,1269,1633255,1287.04,110.53,1480,1100,11.55,14861.4,Video
42.284,816,1051622,1288.75,110.7,1480,1100,19.3,24870.38,Video
80.152,2451,3552309,1449.33,29.1,1500,1400,30.58,44319.84,FileTransfer
7.412,89,47057,528.73,203.61,896,205,12.01,6348.59,Email
27.889,505,105660,209.23,40.32,280,140,18.11,3788.64,VoIP
10.045,56,10214,182.39,80.19,314,66,5.57,1016.83,WhatsApp
20.123,114,62218,545.77,189.4,894,208,5.67,3091.84,Email
10.99,33,3030,91.82,19.16,127,64,3.0,275.69,ICMP
52.884,2693,3905619,1450.29,29.39,1500,1400,50.92,73852.88,FileTransfer
30.404,219,45910,209.63,39.24,280,140,7.2,1510.01,VoIP
12.222,45,4292,95.38,20.46,128,64,3.68,351.18,ICMP
3.887,64,12258,191.53,77.91,319,65,16.46,3153.32,WhatsApp
3.377,19,1796,94.53,18.43,126,67,5.63,531.9,ICMP
6.695,51,10027,196.61,63.71,316,70,7.62,1497.65,WhatsApp
4.355,32,6763,211.34,82.27,317,66,7.35,1553.05,WhatsApp
8.493,126,91855,734.84,492.86,1447,64,14.83,10814.81,Web
18.111,2913,4223923,1450.03,29.51,1500,1400,160.84,233223.66,FileTransfer
5.925,252,52786,209.47,40.17,280,141,42.53,8909.49,VoIP
3.244,44,4284,97.36,18.84,128,67,13.57,1320.78,ICMP
9.033,67,13384,199.76,72.11,313,64,7.42,1481.72,WhatsApp
1.859,102,75380,746.34,504.12,1459,70,54.87,40549.61,Web
7.58,7,621,88.71,16.59,120,69,0.92,81.93,ICMP
53.467,1404,2035892,1450.07,29.22,1500,1400,26.26,38077.67,FileTransfer
22.127,554,115186,207.92,41.06,280,140,25.04,5205.72,VoIP
16.746,49,26118,533.02,185.36,900,215,2.93,1559.67,Email
3.312,30,23595,786.5,522.7,1444,82,9.06,7123.9,Web
13.225,455,95314,209.48,40.55,280,140,34.4,7207.08,VoIP
3.517,68,47506,709.04,483.19,1437,64,19.33,13506.41,Web
36.188,284,59609,209.89,38.1,279,140,7.85,1647.21,VoIP
5.409,69,13147,190.54,77.29,320,66,12.76,2430.54,WhatsApp
10.187,14,2207,157.64,47.95,265,80,1.37,216.64,WhatsApp
28.332,37,3525,95.27,22.41,128,65,1.31,124.42,ICMP
24.769,21,11832,563.43,203.37,891,205,0.85,477.7,Email
6.459,61,34671,568.38,185.51,900,216,9.44,5368.08,Email
50.232,423,88436,209.07,40.4,280,140,8.42,1760.56,VoIP
75.733,1776,2288487,1288.56,111.27,1480,1100,23.45,30217.83,Video
10.451,72,14648,203.44,74.03,310,64,6.89,1401.63,WhatsApp
18.897,95,50132,527.71,192.02,877,225,5.03,2652.88,Email
9.177,1956,2835869,1449.83,29.22,1500,1400,213.14,309010.36,FileTransfer
20.121,13,1236,95.08,21.27,126,66,0.65,61.43,ICMP
20.197,55,28914,525.71,182.51,897,207,2.72,1431.61,Email
14.298,37,27365,760.14,509.83,1460,65,2.59,1913.85,Web
9.487,55,27794,505.35,206.93,898,203,5.8,2929.81,Email
16.007,742,962697,1297.44,112.16,1480,1100,46.35,60141.51,Video
52.09,260,54707,210.41,40.77,280,140,4.99,1050.24,VoIP
107.231,258,331406,1284.52,114.93,1480,1100,2.41,3090.57,Video
50.681,292,62219,213.08,40.73,280,140,5.76,1227.66,VoIP
2.636,22,4171,189.59,59.26,274,69,8.35,1582.27,WhatsApp
48.27,884,185431,209.76,40.63,280,140,18.31,3841.57,VoIP
7.202,88,63097,725.25,505.1,1458,66,12.22,8761.08,Web
32.063,969,201241,207.68,40.08,280,140,30.22,6276.37,VoIP
13.455,45,4410,98.0,18.95,128,66,3.34,327.77,ICMP
13.05,71,13156,185.3,76.43,316,75,5.44,1008.1,WhatsApp
17.531,25,19970,798.8,535.99,1434,78,1.43,1139.15,Web
25.442,14,1249,89.21,15.64,118,70,0.55,49.09,ICMP
3.861,60,11554,192.57,70.67,320,68,15.54,2992.28,WhatsApp
30.671,778,162892,209.37,40.37,280,140,25.37,5310.97,VoIP
20.95,502,106165,211.48,41.68,280,140,23.96,5067.55,VoIP
19.675,8,766,95.75,21.08,125,66,0.41,38.93,ICMP
11.837,136,99332,735.79,494.51,1447,64,11.49,8391.69,Web
6.585,129,27349,212.01,42.9,280,140,19.59,4153.36,VoIP
10.903,61,32658,535.38,184.17,883,213,5.59,2995.22,Email
14.939,78,39465,505.96,183.32,883,204,5.22,2641.69,Email
2.655,111,80846,734.96,502.87,1457,64,41.82,30455.99,Web
10.589,39,26593,699.82,445.04,1367,76,3.68,2511.4,Web
2.471,36,7024,195.11,70.07,310,64,14.57,2842.8,WhatsApp
19.182,37,3743,101.16,15.2,126,70,1.93,195.13,ICMP
63.81,2925,4242896,1450.56,29.17,1500,1400,45.84,66492.61,FileTransfer
12.184,46,34088,757.51,499.6,1459,65,3.78,2797.74,Web
2.094,122,87595,723.93,489.87,1447,64,58.26,41833.26,Web
13.596,28,5341,190.75,79.01,314,71,2.06,392.83,WhatsApp
93.088,395,508914,1288.39,112.3,1480,1101,4.24,5467.03,Video
7.69,28,16577,592.04,203.91,898,216,3.64,2155.71,Email
3.771,77,40234,522.52,197.66,898,203,20.42,10668.6,Email
16.578,298,60544,203.17,39.56,279,140,17.98,3651.99,VoIP
9.452,72,37537,521.35,200.46,894,203,7.62,3971.45,Email
22.872,442,92943,210.28,41.11,280,140,19.33,4063.69,VoIP
70.116,904,1311232,1450.48,29.4,1500,1400,12.89,18700.94,FileTransfer
35.897,1755,2545723,1450.55,29.29,1500,1400,48.89,70918.15,FileTransfer
36.789,297,62216,209.48,41.69,280,140,8.07,1691.17,VoIP
65.533,518,669337,1292.16,107.0,1480,1100,7.9,10213.71,Video
14.747,45,9088,201.96,79.73,317,71,3.05,616.27,WhatsApp
2.214,96,71330,750.84,502.11,1459,64,43.37,32223.32,Web
1.964,33,5971,180.94,77.3,307,69,16.8,3039.82,WhatsApp
25.919,41,4244,103.51,19.79,128,67,1.58,163.74,ICMP
10.831,45,8417,187.04,80.59,314,64,4.15,777.09,WhatsApp
12.909,16,3127,195.44,87.29,317,72,1.24,242.24,WhatsApp
78.196,670,972367,1451.29,29.4,1500,1400,8.57,12434.93,FileTransfer
24.25,741,156501,211.2,40.5,280,140,30.56,6453.73,VoIP
56.269,1046,1352573,1293.09,109.71,1480,1100,18.59,24037.77,Video
3.653,79,55801,715.4,477.72,1405,66,21.63,15275.19,Web
37.682,302,63276,209.52,39.69,280,140,8.01,1679.19,VoIP
13.776,13,2478,190.62,75.28,306,95,0.94,179.87,WhatsApp
11.541,3467,5028035,1450.26,29.53,1500,1400,300.4,435651.4,FileTransfer
114.463,331,429346,1297.12,109.19,1479,1100,2.89,3750.96,Video
3.28,7,542,77.43,9.81,93,65,2.13,165.24,ICMP
6.764,12,2066,172.17,64.61,291,67,1.77,305.46,WhatsApp
81.547,1244,1601461,1287.35,108.59,1480,1100,15.25,19638.42,Video
39.083,831,175227,210.86,39.89,280,140,21.26,4483.45,VoIP
4.951,22,3899,177.23,72.09,294,71,4.44,787.52,WhatsApp
88.425,2126,3082424,1449.87,29.16,1500,1400,24.04,34859.22,FileTransfer
16.916,86,45537,529.5,204.65,869,204,5.08,2692.01,Email
23.485,17,1761,103.59,16.51,127,65,0.72,74.98,ICMP
4.234,48,8444,175.92,74.07,319,64,11.34,1994.52,WhatsApp
2.575,115,67658,588.33,195.43,898,207,44.65,26270.99,Email
33.702,972,1408861,1449.45,29.07,1500,1400,28.84,41803.86,FileTransfer
23.648,57,5428,95.23,15.99,126,65,2.41,229.53,ICMP
113.691,475,612498,1289.47,109.58,1480,1100,4.18,5387.42,Video
25.75,138,28720,208.12,41.81,280,141,5.36,1115.35,VoIP
24.177,491,104672,213.18,39.67,280,140,20.31,4329.42,VoIP
34.442,762,1104647,1449.67,29.14,1500,1400,22.12,32072.76,FileTransfer
5.226,44,4253,96.66,16.49,128,66,8.42,813.83,ICMP
106.258,1222,1582523,1295.03,108.03,1480,1100,11.5,14893.24,Video
12.155,70,13069,186.7,67.09,318,67,5.76,1075.18,WhatsApp
13.716,63,36455,578.65,196.26,884,217,4.59,2657.94,Email
14.01,29,15212,524.55,200.49,866,212,2.07,1085.83,Email
24.784,112,62118,554.62,206.8,882,200,4.52,2506.37,Email
8.355,74,39138,528.89,184.87,884,224,8.86,4684.23,Email
13.796,62,11610,187.26,67.54,311,65,4.49,841.55,WhatsApp
6.265,111,81570,741.55,494.69,1424,71,17.72,13020.94,Web
12.813,644,135214,209.96,40.81,280,140,50.26,10552.57,VoIP
12.03,60,44159,735.98,498.13,1453,78,4.99,3670.61,Web
2.272,112,63263,564.85,212.18,899,203,49.3,27844.81,Email
6.04,22,2107,95.77,17.89,128,65,3.64,348.81,ICMP
6.464,47,36018,783.0,508.35,1440,106,7.27,5571.69,Web
8.62,130,96278,740.6,495.03,1460,64,15.08,11169.01,Web
20.047,22,2215,100.68,17.83,121,65,1.1,110.49,ICMP
7.535,26,16252,625.08,206.58,896,297,3.45,2156.73,Email
7.209,63,12183,193.38,78.0,320,68,8.74,1689.96,WhatsApp
24.79,8,653,81.62,15.72,119,64,0.32,26.34,ICMP
53.122,392,82182,209.65,41.46,280,140,7.38,1547.05,VoIP
11.808,137,101947,749.61,513.12,1450,66,11.6,8633.44,Web
11.226,39,3738,95.85,19.16,127,64,3.47,332.98,ICMP
22.974,1492,2163630,1450.15,28.63,1500,1400,64.94,94178.65,FileTransfer
7.97,12,1166,97.17,18.12,127,68,1.51,146.3,ICMP
89.377,1171,1511608,1290.87,111.14,1480,1100,13.1,16912.63,Video
26.356,1457,2112868,1450.15,29.05,1500,1400,55.28,80166.7,FileTransfer
57.208,765,1111248,1452.61,27.94,1500,1400,13.37,19424.69,FileTransfer
48.619,598,125257,209.46,40.76,279,140,12.3,2576.32,VoIP
11.773,88,66812,767.95,519.85,1448,72,7.47,5674.83,Web
13.93,61,11327,185.69,61.61,295,64,4.38,813.15,WhatsApp
6.671,67,38080,568.36,196.15,895,205,10.04,5708.31,Email
51.48,959,202165,210.81,40.74,280,140,18.63,3927.04,VoIP
13.739,51,4940,96.86,19.93,128,64,3.71,359.57,ICMP
12.935,45,8190,182.0,71.07,315,65,3.48,633.16,WhatsApp
5.222,5,482,96.4,21.22,123,73,0.96,92.31,ICMP
114.687,719,930191,1293.73,109.58,1479,1100,6.27,8110.71,Video
50.985,1491,2163630,1451.13,29.36,1500,1400,29.24,42436.7,FileTransfer
91.174,1043,1347036,1291.5,110.9,1480,1100,11.44,14774.32,Video
5.766,342,70778,206.95,40.64,280,140,59.32,12276.05,VoIP
8.97,53,11055,208.58,67.71,315,67,5.91,1232.47,WhatsApp
12.894,24,4709,196.21,80.64,317,66,1.86,365.2,WhatsApp
4.525,25,2294,91.76,18.11,122,65,5.53,507.01,ICMP
21.544,930,1347965,1449.42,28.35,1500,1400,43.17,62569.13,FileTransfer
6.011,44,4330,98.41,17.16,128,64,7.32,720.34,ICMP
34.03,344,72150,209.74,41.09,280,140,10.11,2120.21,VoIP
2.899,22,4664,212.0,72.78,318,80,7.59,1608.59,WhatsApp
17.356,51,27948,548.0,197.49,897,215,2.94,1610.24,Email
59.527,1418,1835667,1294.55,108.71,1480,1100,23.82,30837.69,Video
21.227,22,2174,98.82,17.06,126,69,1.04,102.42,ICMP
32.737,580,122550,211.29,40.8,280,140,17.72,3743.5,VoIP
14.601,700,1015033,1450.05,28.34,1500,1400,47.94,69515.76,FileTransfer
15.868,101,74603,746.03,501.9,1456,65,6.37,4701.5,Web
2.424,28,2609,93.18,17.3,125,67,11.55,1076.19,ICMP
11.966,63,33282,528.29,201.39,885,210,5.26,2781.37,Email
14.577,592,123083,207.91,39.88,280,140,40.61,8443.61,VoIP
31.018,160,33399,208.74,40.28,280,140,5.16,1076.74,VoIP
36.068,240,50702,211.26,40.26,279,140,6.65,1405.73,VoIP
18.125,62,46173,756.93,508.2,1453,64,3.42,2547.48,Web
10.849,79,15208,192.51,69.86,316,65,7.28,1401.74,WhatsApp
4.98,46,31564,701.42,487.91,1394,64,9.24,6337.55,Web
85.513,2853,4137242,1450.14,29.35,1500,1400,33.36,48381.56,FileTransfer
114.244,1156,1489179,1288.22,112.27,1480,1100,10.12,13035.07,Video
30.984,2453,3557001,1450.06,29.09,1500,1400,79.17,114801.13,FileTransfer
21.901,921,193947,210.58,40.56,280,140,42.05,8855.67,VoIP
14.509,80,58344,729.3,487.11,1448,74,5.51,4021.12,Web
78.636,2753,3992959,1450.4,29.31,1500,1400,35.01,50777.91,FileTransfer
118.331,1740,2247185,1291.49,110.67,1480,1100,14.7,18990.7,Video
35.811,919,1332187,1449.61,29.33,1500,1400,25.66,37200.24,FileTransfer
10.331,40,7644,191.1,80.65,318,64,3.87,739.94,WhatsApp
14.991,56,10680,190.71,73.23,309,70,3.74,712.41,WhatsApp
18.351,148,110886,754.33,506.52,1460,72,8.06,6042.41,Web
4.864,84,44350,527.98,206.04,895,219,17.27,9117.13,Email
12.439,117,68659,586.83,203.06,887,204,9.41,5519.49,Email
23.995,1396,1795380,1286.09,108.47,1480,1100,58.18,74823.56,Video
73.535,1333,1717511,1288.46,110.56,1480,1100,18.13,23356.34,Video
53.453,1213,1759586,1450.61,29.66,1500,1400,22.69,32918.37,FileTransfer
7.807,26,12927,497.19,208.91,872,208,3.33,1655.88,Email
7.701,66,37026,561.0,193.47,881,230,8.57,4808.13,Email
10.128,77,13692,177.82,74.4,317,68,7.6,1351.83,WhatsApp
27.379,3369,4884794,1449.92,29.08,1500,1400,123.05,178415.72,FileTransfer
11.53,19,1851,97.42,19.09,126,65,1.65,160.54,ICMP
29.401,165,34670,210.12,41.62,280,140,5.61,1179.2,VoIP
22.219,989,208304,210.62,40.43,280,140,44.51,9374.83,VoIP
6.332,5,464,92.8,20.98,119,68,0.79,73.28,ICMP
15.861,79,45549,576.57,179.93,898,235,4.98,2871.78,Email
46.575,472,98721,209.15,40.59,280,141,10.13,2119.61,VoIP
9.452,799,169258,211.84,41.21,280,140,84.54,17907.69,VoIP
36.839,3318,4811433,1450.1,29.19,1500,1400,90.07,130605.71,FileTransfer
16.134,111,81111,737.37,489.64,1440,71,6.88,5027.37,Web
17.34,25,18251,730.04,496.17,1234,84,1.44,1052.56,Web
8.92,117,86331,744.23,496.1,1451,69,13.12,9678.19,Web
18.082,675,143474,212.55,40.8,280,140,37.33,7934.79,VoIP
44.778,216,45580,211.02,39.93,280,141,4.82,1017.92,VoIP
20.85,935,196150,209.79,40.16,280,140,44.84,9407.49,VoIP
9.66,71,14312,201.58,69.72,317,65,7.35,1481.64,WhatsApp
117.994,263,342043,1300.54,106.64,1480,1100,2.23,2898.83,Video
18.812,127,92473,733.91,496.65,1460,65,6.75,4915.67,Web
16.102,752,972898,1293.75,107.5,1480,1100,46.7,60421.29,Video
20.49,39,19941,511.31,200.93,893,215,1.9,973.21,Email
60.163,464,671912,1448.09,29.03,1500,1400,7.71,11168.23,FileTransfer
50.413,3317,4808304,1449.59,28.9,1500,1400,65.8,95379.0,FileTransfer
17.179,71,52382,748.31,497.41,1458,64,4.13,3049.23,Web
7.555,20,1882,94.1,19.33,127,71,2.65,249.12,ICMP
85.713,576,742409,1288.9,108.46,1480,1100,6.72,8661.54,Video
24.746,95,53642,564.65,187.53,873,234,3.84,2167.67,Email
18.273,86,46947,545.9,186.82,885,201,4.71,2569.17,Email
40.888,1611,2335378,1449.64,28.79,1500,1400,39.4,57115.78,FileTransfer
10.407,43,4084,94.98,18.25,125,64,4.13,392.42,ICMP
54.92,634,133897,211.19,41.74,280,140,11.54,2438.04,VoIP
43.571,2311,3349362,1449.31,29.46,1500,1400,53.04,76871.73,FileTransfer
14.272,19,3805,200.26,81.12,316,70,1.33,266.61,WhatsApp
9.723,93,49282,529.91,204.44,896,200,9.56,5068.62,Email
9.086,1504,2180262,1449.64,28.9,1500,1400,165.52,239946.42,FileTransfer
29.212,21,2011,95.76,19.51,127,66,0.72,68.84,ICMP
25.55,32,3060,95.62,22.46,127,65,1.25,119.77,ICMP
7.977,90,64850,720.56,477.37,1419,68,11.28,8129.55,Web
29.837,532,111119,208.87,39.53,280,140,17.83,3724.18,VoIP
58.227,197,42319,214.82,41.71,280,141,3.38,726.79,VoIP
44.977,801,169363,211.44,39.96,280,140,17.81,3765.57,VoIP
15.306,16,1498,93.62,20.67,128,66,1.05,97.87,ICMP
22.545,370,76209,205.97,41.08,280,140,16.41,3380.31,VoIP
17.597,33,24592,768.5,541.46,1439,66,1.88,1397.53,Web
4.609,17,1575,92.65,23.1,124,64,3.69,341.69,ICMP
37.497,915,1181455,1291.21,107.34,1480,1100,24.4,31508.08,Video
11.285,80,14947,186.84,75.14,320,66,7.09,1324.5,WhatsApp
9.82,48,4714,98.21,20.38,128,65,4.89,480.06,ICMP
12.376,27,5095,188.7,76.06,315,66,2.18,411.67,WhatsApp
29.164,1818,2633306,1448.46,29.09,1500,1400,62.34,90293.49,FileTransfer
17.12,20,11001,550.05,233.97,882,221,1.17,642.59,Email
18.526,50,35036,700.72,494.62,1458,67,2.7,1891.15,Web
18.445,145,109351,754.14,506.57,1449,66,7.86,5928.46,Web
7.182,32,23512,758.45,487.27,1425,74,4.46,3273.95,Web
88.062,2176,3155562,1450.17,29.46,1500,1400,24.71,35833.61,FileTransfer
3.046,78,15733,201.71,73.68,319,64,25.61,5165.42,WhatsApp
2.025,36,19556,543.22,197.93,900,221,17.78,9657.09,Email
61.098,900,1157390,1285.99,110.5,1480,1100,14.73,18943.04,Video
22.348,13,1240,95.38,16.07,128,64,0.58,55.49,ICMP
17.763,119,87012,737.39,496.55,1451,68,6.7,4898.47,Web
14.96,49,28078,573.02,210.99,883,200,3.28,1876.87,Email
31.468,752,159075,211.54,40.96,280,140,23.9,5055.19,VoIP
7.917,442,92480,209.23,41.61,280,140,55.83,11681.11,VoIP
7.15,925,194727,210.52,39.89,280,140,129.38,27235.84,VoIP
13.084,7,657,93.86,15.3,109,70,0.54,50.22,ICMP
31.093,679,140954,207.59,40.26,280,140,21.84,4533.32,VoIP
21.683,28,2733,97.61,20.47,125,65,1.29,126.04,ICMP
77.146,2650,3840116,1449.1,28.99,1500,1400,34.35,49777.08,FileTransfer
75.708,529,766518,1448.99,29.48,1500,1400,6.99,10124.6,FileTransfer
9.66,22,2098,95.36,18.98,127,66,2.28,217.18,ICMP
14.655,46,4298,93.43,19.07,128,64,3.14,293.29,ICMP
79.321,3125,4532349,1450.35,29.29,1500,1400,39.4,57139.12,FileTransfer
59.638,495,640839,1294.62,106.42,1480,1101,8.3,10745.5,Video
39.218,1279,1657948,1296.28,111.38,1480,1100,32.61,42274.95,Video
68.585,427,618708,1448.96,28.83,1500,1400,6.23,9020.99,FileTransfer
2.516,77,13710,178.05,76.96,320,64,30.6,5448.21,WhatsApp
27.535,42,3881,92.4,19.92,125,64,1.53,140.95,ICMP
55.754,630,132250,209.92,40.57,280,140,11.3,2372.02,VoIP
91.927,880,1136270,1291.22,107.97,1479,1100,9.57,12360.51,Video
21.252,122,25373,207.98,40.58,280,140,5.74,1193.92,VoIP
6.293,41,23574,574.98,182.81,864,264,6.52,3746.16,Email
7.171,62,45365,743.69,495.85,1439,72,8.65,6326.62,Web
21.398,12,1144,95.33,13.77,125,79,0.56,53.46,ICMP
11.054,60,12465,207.75,73.89,316,67,5.43,1127.65,WhatsApp
68.425,1781,2295574,1288.92,110.61,1480,1100,26.03,33548.86,Video
53.018,617,131165,212.59,39.93,280,140,11.64,2473.96,VoIP
7.636,80,15119,188.99,74.5,320,65,10.48,1979.96,WhatsApp
51.349,627,132497,211.32,40.77,280,140,12.21,2580.32,VoIP
23.621,1503,1939339,1290.31,110.79,1480,1100,63.63,82103.75,Video
62.136,3007,4356818,1448.89,28.98,1500,1400,48.39,70117.21,FileTransfer
69.463,1522,2206183,1449.53,29.17,1500,1400,21.91,31760.54,FileTransfer
12.531,74,14065,190.07,72.35,311,66,5.91,1122.45,WhatsApp
9.175,61,32976,540.59,190.2,875,220,6.65,3594.09,Email
14.096,126,94462,755.7,515.78,1432,72,8.94,6701.1,Web
10.222,113,83554,746.02,507.09,1457,78,11.05,8174.03,Web
3.75,43,29192,695.05,478.79,1383,69,11.47,7785.51,Web
15.191,58,5728,98.76,16.1,128,65,3.82,377.06,ICMP
14.271,22,17287,823.19,501.39,1458,83,1.54,1211.36,Web
10.762,75,14077,187.69,71.95,320,69,6.97,1308.01,WhatsApp
8.209,143,103414,728.27,494.55,1459,64,17.42,12596.9,Web
37.287,1893,2441976,1290.0,110.94,1480,1100,50.77,65490.93,Video
45.946,447,93084,208.24,41.27,280,140,9.73,2025.95,VoIP
10.421,103,74545,730.83,501.45,1456,64,9.88,7153.17,Web
44.661,576,742683,1289.38,109.97,1478,1100,12.9,16629.45,Video
18.918,55,5347,97.22,16.87,125,65,2.91,282.64,ICMP
58.61,522,110231,211.17,41.54,280,140,8.91,1880.76,VoIP
64.403,1261,1829119,1450.53,29.19,1500,1400,19.58,28401.13,FileTransfer
55.305,1248,1810481,1450.71,28.89,1500,1400,22.57,32736.12,FileTransfer
41.626,2146,3110886,1449.62,29.16,1500,1400,51.55,74734.13,FileTransfer
72.794,1794,2601057,1449.86,28.71,1500,1400,24.64,35731.91,FileTransfer
3.633,21,2179,103.76,16.21,127,65,5.78,599.72,ICMP
5.801,23,4148,180.35,74.15,319,66,3.96,715.06,WhatsApp
33.048,263,54730,208.1,40.26,279,140,7.96,1656.08,VoIP
63.463,2840,4120720,1450.96,28.77,1500,1400,44.75,64931.04,FileTransfer
65.936,2836,4112787,1450.21,28.89,1500,1400,43.01,62375.09,FileTransfer
5.096,36,7200,200.0,75.46,316,69,7.06,1412.91,WhatsApp
7.29,35,3210,91.71,18.65,126,65,4.8,440.33,ICMP
15.924,117,68198,582.89,205.89,899,201,7.35,4282.84,Email
24.687,874,182078,208.33,40.63,280,140,35.4,7375.51,VoIP
58.871,1132,1643397,1451.76,28.64,1500,1400,19.23,27915.09,FileTransfer
46.04,844,177615,210.44,40.25,280,140,18.33,3857.83,VoIP
47.111,1956,2835924,1449.86,29.11,1500,1400,41.52,60196.19,FileTransfer
23.582,21,1962,93.43,17.16,128,64,0.89,83.2,ICMP
1.099,44,8833,200.75,68.43,302,73,40.02,8033.85,WhatsApp
25.108,581,121838,209.7,40.69,280,140,23.14,4852.62,VoIP
12.159,162,33437,206.4,40.75,280,141,13.32,2750.02,VoIP
22.202,55,5455,99.18,20.29,128,65,2.48,245.7,ICMP
17.848,42,22019,524.26,210.42,887,220,2.35,1233.68,Email
16.545,23,2270,98.7,20.4,126,66,1.39,137.2,ICMP
39.266,122,24803,203.3,40.22,280,140,3.11,631.67,VoIP
24.283,391,504658,1290.69,114.4,1480,1100,16.1,20782.67,Video
10.418,24,13185,549.38,202.83,898,236,2.3,1265.61,Email
6.364,736,1066522,1449.08,29.73,1500,1400,115.65,167581.5,FileTransfer
49.051,574,739008,1287.47,110.64,1479,1100,11.7,15066.06,Video
39.369,1323,1711246,1293.46,111.43,1480,1100,33.6,43466.31,Video
13.316,35,6701,191.46,69.86,318,70,2.63,503.23,WhatsApp
36.223,1380,1777917,1288.35,107.85,1480,1100,38.1,49082.26,Video
14.047,57,5610,98.42,17.75,124,64,4.06,399.37,ICMP
48.912,1023,1310603,1281.14,112.65,1480,1100,20.92,26795.02,Video
13.141,140,101572,725.51,482.33,1450,66,10.65,7729.6,Web
14.098,54,5182,95.96,19.36,128,64,3.83,367.57,ICMP
34.76,2087,3024249,1449.09,28.89,1500,1400,60.04,87002.86,FileTransfer
5.02,52,38456,754.04,504.94,1447,65,10.36,7659.82,Web
29.586,54,5210,96.48,18.98,128,64,1.83,176.1,ICMP
52.904,255,328946,1289.98,111.84,1480,1100,4.82,6217.77,Video
41.776,2911,4219185,1449.39,29.08,1500,1400,69.68,100994.47,FileTransfer
29.725,23,2216,96.35,20.37,128,65,0.77,74.55,ICMP
23.852,21,11723,558.24,183.11,889,275,0.88,491.49,Email
10.813,28,5227,186.68,66.25,317,74,2.59,483.38,WhatsApp
20.284,19,1807,95.11,18.69,126,64,0.94,89.08,ICMP
18.506,150,108960,726.4,496.23,1434,65,8.11,5887.91,Web
20.961,47,4607,98.02,17.65,126,64,2.24,219.79,ICMP
3.173,23,2062,89.65,18.91,125,64,7.25,649.93,ICMP
5.344,47,4395,93.51,18.39,126,66,8.79,822.41,ICMP
15.683,1479,2146023,1451.0,29.16,1500,1400,94.31,136838.85,FileTransfer
5.577,35,3482,99.49,19.19,128,71,6.28,624.33,ICMP
18.521,23,2158,93.83,17.96,123,65,1.24,116.52,ICMP
24.674,194,39681,204.54,39.66,279,140,7.86,1608.22,VoIP
16.095,73,39893,546.48,212.04,895,204,4.54,2478.59,Email
22.098,232,48750,210.13,39.26,280,141,10.5,2206.09,VoIP
6.003,26,5009,192.65,76.05,311,68,4.33,834.39,WhatsApp
2.274,61,11644,190.89,76.92,319,64,26.82,5120.42,WhatsApp
24.304,24,2342,97.58,21.34,128,64,0.99,96.36,ICMP
11.662,3312,4802098,1449.91,29.45,1500,1400,284.0,411769.08,FileTransfer
46.18,192,39686,206.7,40.96,279,140,4.16,859.39,VoIP
14.188,19,1846,97.16,18.95,123,65,1.34,130.11,ICMP
10.142,69,38779,562.01,184.39,898,209,6.8,3823.57,Email
8.237,88,65646,754.55,494.71,1458,70,10.68,7970.01,Web
36.447,1984,2563032,1291.85,110.31,1480,1100,54.44,70322.98,Video
95.811,1269,1631129,1285.37,107.21,1480,1100,13.24,17024.45,Video
70.757,1257,1822424,1449.82,30.23,1500,1400,17.77,25756.2,FileTransfer
11.737,55,5255,95.55,18.21,126,64,4.69,447.74,ICMP
115.092,854,1099620,1287.61,109.5,1480,1100,7.42,9554.29,Video
2.174,13,1177,90.54,16.05,116,67,5.98,541.44,ICMP
10.035,25,5245,209.8,63.02,293,75,2.49,522.67,WhatsApp
26.51,506,107027,211.52,41.05,280,140,19.09,4037.17,VoIP
9.611,23,1978,86.0,17.63,128,65,2.39,205.81,ICMP
20.311,104,55694,535.52,201.44,890,206,5.12,2742.09,Email
95.047,1936,2493578,1288.01,110.04,1480,1100,20.37,26235.24,Video
15.33,104,76606,743.75,501.8,1445,70,6.78,4997.29,Web
24.23,14,1326,94.71,22.44,128,64,0.58,54.73,ICMP
4.223,61,33848,554.89,213.95,898,218,14.45,8015.51,Email
11.331,69,13464,195.13,74.74,318,66,6.09,1188.28,WhatsApp
13.053,78,15486,198.54,78.38,319,67,5.98,1186.37,WhatsApp
68.681,796,1153947,1449.68,28.27,1500,1400,11.59,16801.61,FileTransfer
49.803,118,25373,215.03,41.41,276,140,2.37,509.46,VoIP
8.164,64,11663,182.23,81.11,320,64,7.84,1428.54,WhatsApp
1.564,16,2910,181.88,62.11,269,64,10.23,1860.25,WhatsApp
14.098,44,32620,758.6,511.6,1451,86,3.12,2313.73,Web
2.408,27,14776,547.26,192.33,890,251,11.21,6136.18,Email
14.434,63,35357,561.22,213.45,892,210,4.36,2449.57,Email
23.909,55,28512,518.4,201.4,871,209,2.3,1192.51,Email
9.436,60,35491,591.52,191.09,864,229,6.36,3761.2,Email
1.745,46,8909,193.67,71.1,320,66,26.36,5105.16,WhatsApp
43.227,879,1273932,1449.3,29.58,1500,1400,20.33,29470.82,FileTransfer
14.997,528,766009,1450.77,29.01,1500,1400,35.21,51076.15,FileTransfer
82.373,2987,4330031,1449.63,29.33,1500,1400,36.26,52566.4,FileTransfer
6.271,17,12355,772.19,530.18,1449,74,2.71,1970.24,Web
118.999,386,494012,1279.82,111.92,1479,1100,3.24,4151.39,Video
9.699,354,74557,210.61,42.49,280,140,36.5,7687.3,VoIP
9.517,25,4716,188.64,72.31,313,72,2.63,495.51,WhatsApp
46.648,722,153967,213.25,40.93,280,140,15.48,3300.6,VoIP
7.755,31,23036,767.87,514.33,1426,65,4.0,2970.3,Web
12.876,132,98312,750.47,507.11,1443,64,10.25,7635.22,Web
14.649,59,32652,553.42,204.95,891,202,4.03,2229.0,Email
30.463,706,148612,210.5,40.05,280,140,23.18,4878.39,VoIP
16.527,51,28874,566.16,200.26,894,208,3.09,1747.03,Email
41.923,560,116801,208.57,42.02,280,140,13.36,2786.1,VoIP
14.016,810,171969,212.31,39.83,280,140,57.79,12269.26,VoIP
53.104,729,940949,1290.74,111.52,1480,1101,13.73,17718.88,Video
4.88,68,13838,203.5,72.65,319,68,13.93,2835.5,WhatsApp
23.921,72,38544,535.33,217.79,896,203,3.01,1611.31,Email
21.574,744,156163,209.9,41.31,280,140,34.49,7238.55,VoIP
77.396,503,646235,1284.76,105.5,1480,1101,6.5,8349.74,Video
119.331,1043,1341626,1286.31,111.7,1480,1100,8.74,11242.93,Video
4.028,134,98644,741.68,502.64,1455,71,33.27,24490.31,Web
6.676,38,7152,188.21,73.44,309,65,5.69,1071.33,WhatsApp
15.259,119,67619,568.23,211.83,893,207,7.8,4431.52,Email
14.224,55,5253,95.51,17.85,127,65,3.87,369.3,ICMP
19.185,114,84791,750.36,503.25,1456,66,5.94,4419.64,Web
19.223,79,43969,556.57,193.77,893,203,4.11,2287.27,Email
15.044,70,38070,543.86,204.64,900,209,4.65,2530.61,Email
54.49,773,162475,210.19,40.74,280,140,14.19,2981.73,VoIP
10.006,848,177433,209.24,40.96,280,140,84.75,17733.45,VoIP
14.298,31,5273,170.1,57.51,272,72,2.17,368.8,WhatsApp
11.351,81,44543,549.91,209.76,889,204,7.14,3924.06,Email
56.302,1357,1749940,1289.57,110.86,1480,1100,24.1,31081.42,Video
21.902,60,5845,97.42,17.61,127,65,2.74,266.87,ICMP
11.679,61,11245,184.34,68.55,314,66,5.22,962.88,WhatsApp
74.051,318,407692,1282.05,111.13,1477,1101,4.29,5505.56,Video
53.029,1131,1455102,1286.56,108.58,1480,1100,21.33,27439.59,Video
21.283,239,50474,211.19,39.69,279,140,11.23,2371.52,VoIP
11.164,27,15683,580.85,175.27,851,275,2.42,1404.74,Email
12.475,100,56430,564.3,189.89,897,207,8.02,4523.27,Email
10.875,53,37916,729.15,485.53,1432,69,4.87,3486.43,Web
34.397,2954,4283421,1450.04,29.75,1500,1400,85.88,124528.81,FileTransfer
118.106,1139,1470488,1291.03,110.96,1480,1100,9.64,12450.62,Video
12.195,148,108351,737.08,501.75,1456,67,12.14,8884.75,Web
46.049,327,69029,211.1,40.56,280,140,7.1,1499.02,VoIP
53.847,1974,2544491,1289.0,112.37,1480,1100,36.66,47253.79,Video
14.017,42,9302,221.48,67.69,320,68,3.0,663.63,WhatsApp
10.554,30,15857,528.57,204.36,899,209,2.84,1502.42,Email
14.602,568,121026,213.07,39.41,280,140,38.9,8288.22,VoIP
8.787,37,6775,183.11,74.97,311,64,4.21,770.98,WhatsApp
10.726,35,17821,509.17,214.04,889,206,3.26,1661.44,Email
21.152,38,3858,101.53,17.68,128,69,1.8,182.4,ICMP
4.946,68,38121,560.6,194.89,897,219,13.75,7707.74,Email
1.153,56,11714,209.18,66.09,315,68,48.56,10158.12,WhatsApp
70.251,2324,3367013,1448.8,29.1,1500,1400,33.08,47928.43,FileTransfer
12.742,32,18316,572.38,213.54,898,213,2.51,1437.48,Email
86.828,1780,2580238,1449.57,28.94,1500,1400,20.5,29716.75,FileTransfer
13.053,998,207405,207.82,40.07,280,140,76.46,15889.12,VoIP
4.313,16,3277,204.81,54.19,288,95,3.71,759.71,WhatsApp
29.284,787,165419,210.19,41.29,280,140,26.87,5648.83,VoIP
45.431,315,65186,206.94,40.73,280,140,6.93,1434.84,VoIP
50.853,472,97476,206.52,41.74,280,140,9.28,1916.8,VoIP
28.258,32,3079,96.22,16.6,121,64,1.13,108.96,ICMP
8.959,76,41311,543.57,202.9,896,206,8.48,4611.18,Email
63.358,1258,1612216,1281.57,111.92,1480,1100,19.86,25446.23,Video
19.495,147,109729,751.57,500.35,1459,71,7.54,5628.46,Web
34.248,959,199621,208.16,41.07,280,140,28.0,5828.74,VoIP
83.972,3092,4482819,1449.81,29.21,1500,1400,36.82,53384.99,FileTransfer
59.773,603,127690,211.76,39.7,280,140,10.09,2136.24,VoIP
41.873,128,26500,207.03,40.8,280,140,3.06,632.87,VoIP
21.289,1027,1488865,1449.72,29.84,1500,1400,48.24,69935.02,FileTransfer
39.54,1792,2312777,1290.61,110.39,1480,1100,45.32,58492.6,Video
2.22,42,29819,727.29,477.07,1442,84,18.92,13431.2,Web
59.053,775,163155,210.52,40.77,280,140,13.12,2762.86,VoIP
22.838,24,2302,95.92,17.88,125,65,1.05,100.8,ICMP
7.403,11,979,89.0,17.89,128,65,1.49,132.24,ICMP
26.215,517,107725,208.37,40.36,280,140,19.72,4109.24,VoIP
20.535,45,4389,97.53,17.81,127,64,2.19,213.73,ICMP
4.964,5,524,104.8,14.18,122,81,1.01,105.56,ICMP
12.39,51,4920,96.47,18.4,127,65,4.12,397.08,ICMP
27.83,37,3508,94.81,20.03,127,65,1.33,126.05,ICMP
25.237,18,1687,93.72,15.2,123,68,0.71,66.85,ICMP
20.246,1158,1489981,1286.68,112.05,1480,1100,57.2,73593.98,Video
7.041,44,9073,206.2,77.83,320,64,6.25,1288.63,WhatsApp
9.792,59,5798,98.27,17.45,127,66,6.03,592.09,ICMP
56.244,914,1326173,1450.96,28.78,1500,1400,16.25,23579.05,FileTransfer
10.664,659,138614,210.34,40.06,280,140,61.79,12997.81,VoIP
5.393,694,145533,209.7,41.88,280,140,128.69,26985.8,VoIP
95.602,330,426452,1292.28,105.36,1480,1101,3.45,4460.69,Video
1.316,5,407,81.4,20.98,119,65,3.8,309.24,ICMP
22.56,16,1431,89.44,16.49,127,65,0.71,63.43,ICMP
9.153,25,2460,98.4,17.39,126,65,2.73,268.77,ICMP
2.761,38,3813,100.34,18.86,127,64,13.76,1380.95,ICMP
2.748,70,12984,185.49,72.95,320,66,25.47,4725.23,WhatsApp
12.921,338,71379,211.18,42.72,280,141,26.16,5524.39,VoIP
25.605,49,4668,95.27,19.28,128,64,1.91,182.31,ICMP
27.307,46,4263,92.67,19.89,128,64,1.68,156.11,ICMP
40.23,1763,2278277,1292.27,110.13,1480,1100,43.82,56631.79,Video
30.42,466,98001,210.3,40.62,280,140,15.32,3221.59,VoIP
7.29,109,56571,519.0,200.38,893,204,14.95,7759.77,Email
70.107,1428,2070673,1450.05,29.67,1500,1400,20.37,29535.99,FileTransfer
72.576,608,780261,1283.32,108.41,1479,1100,8.38,10750.97,Video
49.051,2289,3317173,1449.18,29.14,1500,1400,46.67,67626.39,FileTransfer
45.253,514,108603,211.29,41.56,280,140,11.36,2399.92,VoIP
66.506,2965,4299802,1450.19,28.78,1500,1400,44.58,64652.7,FileTransfer
19.833,637,133270,209.22,40.97,280,140,32.12,6719.6,VoIP
75.753,458,591054,1290.51,112.32,1480,1101,6.05,7802.33,Video
96.253,1342,1730671,1289.62,108.4,1480,1100,13.94,17980.37,Video
8.356,52,10461,201.17,61.7,303,92,6.22,1251.89,WhatsApp
73.386,971,1408426,1450.49,28.75,1500,1400,13.23,19192.14,FileTransfer
5.18,43,22516,523.63,184.38,865,222,8.3,4347.02,Email
10.774,10,872,87.2,17.55,117,71,0.93,80.94,ICMP
24.021,3347,4853481,1450.1,29.08,1500,1400,139.34,202055.08,FileTransfer
58.601,1995,2579165,1292.81,110.3,1480,1100,34.04,44012.01,Video
70.386,2691,3902773,1450.31,29.47,1500,1400,38.23,55448.25,FileTransfer
18.677,59,32800,555.93,205.17,884,201,3.16,1756.16,Email
12.936,34,5791,170.32,69.14,313,67,2.63,447.68,WhatsApp
62.439,1663,2412746,1450.84,28.73,1500,1400,26.63,38641.59,FileTransfer
10.253,36,6555,182.08,70.36,313,79,3.51,639.32,WhatsApp
14.221,66,13902,210.64,72.37,320,69,4.64,977.6,WhatsApp
11.665,39,21001,538.49,190.05,895,201,3.34,1800.27,Email
18.687,102,54390,533.24,196.46,899,200,5.46,2910.66,Email
13.058,94,53382,567.89,173.67,894,230,7.2,4088.04,Email
117.9,1918,2478786,1292.38,111.68,1480,1100,16.27,21024.55,Video
8.119,63,43910,708.23,489.24,1428,68,7.76,5408.59,Web
55.192,597,867444,1453.01,28.67,1500,1400,10.82,15716.87,FileTransfer
12.761,16,3551,221.94,70.83,311,81,1.25,278.26,WhatsApp
9.822,359,75589,210.55,39.35,280,140,36.55,7695.7,VoIP
13.367,21,11648,554.67,204.45,893,223,1.57,871.38,Email
71.956,1540,2232446,1449.64,29.04,1500,1400,21.4,31025.15,FileTransfer
29.754,49,4731,96.55,18.46,127,68,1.65,159.0,ICMP
23.502,37,3528,95.35,19.78,128,64,1.57,150.12,ICMP
15.443,1089,1404954,1290.13,110.06,1480,1100,70.52,90974.45,Video
15.295,97,52004,536.12,191.27,899,201,6.34,3400.06,Email
80.309,1353,1963336,1451.1,29.76,1500,1400,16.85,24447.25,FileTransfer
1.651,61,10933,179.23,76.72,316,65,36.95,6623.06,WhatsApp
6.981,77,14808,192.31,74.25,315,70,11.03,2121.06,WhatsApp
9.322,87,65172,757.81,502.08,1454,66,9.33,6991.42,Web
10.509,7,648,92.57,10.03,103,74,0.67,61.66,ICMP
78.05,1136,1648062,1450.76,28.62,1500,1400,14.55,21115.48,FileTransfer
24.625,74,41095,555.34,198.74,899,211,3.01,1668.85,Email
10.654,124,90984,739.71,510.59,1457,66,11.64,8539.93,Web
19.843,124,91789,746.25,501.37,1458,66,6.25,4625.78,Web
10.519,59,30453,516.15,196.97,899,208,5.61,2895.16,Email
110.26,437,563095,1288.55,109.0,1480,1100,3.96,5106.95,Video
54.625,2297,3330810,1450.07,29.38,1500,1400,42.05,60975.78,FileTransfer
15.458,61,34026,557.8,205.86,883,210,3.95,2201.22,Email
13.458,30,2926,97.53,20.07,128,65,2.23,217.42,ICMP
11.885,88,66050,759.2,510.9,1413,64,7.4,5557.44,Web
44.748,467,97682,209.17,39.87,280,140,10.44,2182.92,VoIP
11.261,128,97503,767.74,522.7,1452,74,11.37,8658.17,Web
8.991,31,5855,188.87,69.85,301,68,3.45,651.19,WhatsApp
8.548,313,65443,209.08,40.58,280,140,36.62,7656.08,VoIP
12.869,40,3757,93.92,16.95,126,64,3.11,291.95,ICMP
9.595,5,488,97.6,18.36,126,68,0.52,50.86,ICMP
15.127,88,63708,732.28,499.68,1444,64,5.82,4211.52,Web
16.753,85,47071,553.78,201.62,876,206,5.07,2809.77,Email
7.637,51,28734,563.41,194.53,871,219,6.68,3762.56,Email
28.21,58,5675,97.84,17.08,128,64,2.06,201.17,ICMP
58.548,469,99073,211.24,40.89,280,140,8.01,1692.18,VoIP
19.953,27,18383,707.04,458.0,1411,80,1.35,921.29,Web
8.645,470,99639,212.0,41.38,280,140,54.37,11526.12,VoIP
9.902,79,15306,193.75,69.82,319,67,7.98,1545.68,WhatsApp
51.401,899,191624,213.15,39.95,280,140,17.49,3728.02,VoIP
8.304,95,74123,780.24,527.73,1445,64,11.44,8926.52,Web
49.877,102,21085,206.72,41.7,279,140,2.05,422.74,VoIP
2.49,40,4066,101.65,17.09,128,67,16.06,1632.84,ICMP
50.805,463,96523,208.47,40.51,280,140,9.11,1899.86,VoIP
53.547,1084,1572325,1450.48,29.87,1500,1400,20.24,29363.31,FileTransfer
111.649,1079,1389623,1287.88,108.96,1480,1100,9.66,12446.39,Video
8.516,61,13038,213.74,76.33,320,65,7.16,1531.07,WhatsApp
9.358,52,9540,183.46,78.27,317,66,5.56,1019.5,WhatsApp
15.334,59,5569,94.39,18.14,127,64,3.85,363.17,ICMP
58.179,1173,1517908,1294.04,109.02,1480,1100,20.16,26090.36,Video
12.398,37,27334,759.28,513.96,1459,65,2.98,2204.76,Web
8.615,90,64763,719.59,470.35,1397,65,10.45,7517.61,Web
1.705,44,4049,92.02,19.0,128,64,25.8,2374.6,ICMP
39.788,872,184472,211.55,41.72,280,140,21.92,4636.34,VoIP
103.618,337,434123,1288.2,110.26,1479,1100,3.25,4189.65,Video
83.738,1634,2104695,1288.06,108.46,1480,1100,19.51,25134.36,Video
58.094,608,127115,209.07,40.64,280,140,10.47,2188.08,VoIP
16.009,11,1069,97.18,18.02,119,66,0.69,66.78,ICMP
9.149,99,73910,754.18,505.42,1443,77,10.82,8078.09,Web
52.819,1407,1815432,1290.29,109.04,1480,1100,26.64,34370.57,Video
18.329,81,59444,743.05,502.84,1430,71,4.42,3243.24,Web
15.766,56,41452,753.67,503.87,1454,71,3.55,2629.22,Web
11.263,16,1656,103.5,21.68,128,64,1.42,147.03,ICMP
2.892,50,9201,184.02,76.41,317,71,17.29,3181.75,WhatsApp
5.231,93,50099,538.7,212.78,896,200,17.78,9576.88,Email
14.959,22,4323,196.5,85.97,318,67,1.47,288.99,WhatsApp
116.124,316,412266,1304.64,107.96,1480,1103,2.72,3550.22,Video
12.15,543,113426,208.89,40.24,280,141,44.69,9335.29,VoIP
46.969,1151,1484064,1289.37,111.49,1480,1100,24.51,31596.84,Video
9.829,67,12744,190.21,75.5,312,64,6.82,1296.54,WhatsApp
78.29,448,648291,1447.08,27.29,1500,1400,5.72,8280.68,FileTransfer
5.76,82,60222,743.48,505.72,1454,65,14.24,10456.04,Web
13.177,11,2213,201.18,73.7,297,69,0.83,167.95,WhatsApp
2.472,55,11338,206.15,71.76,317,71,22.25,4586.57,WhatsApp
8.581,104,74625,724.51,489.1,1455,66,12.12,8696.98,Web
24.324,18,1844,102.44,20.16,128,65,0.74,75.81,ICMP
60.432,805,1166658,1449.26,28.57,1500,1400,13.32,19305.46,FileTransfer
16.763,689,143998,209.0,40.96,280,140,41.1,8590.24,VoIP
82.226,2076,3013026,1451.36,28.67,1500,1400,25.25,36643.38,FileTransfer
16.265,43,4185,97.33,18.83,128,68,2.64,257.3,ICMP
8.695,6,569,94.83,19.51,127,74,0.69,65.44,ICMP
93.182,1751,2256640,1288.77,110.73,1480,1100,18.79,24217.6,Video
54.206,1330,1718534,1292.13,108.18,1480,1100,24.54,31703.8,Video
14.489,38,7430,195.53,61.81,307,85,2.62,512.8,WhatsApp
24.196,86,49841,579.55,201.72,896,211,3.55,2059.87,Email
13.117,142,104957,744.38,496.68,1435,75,10.83,8001.56,Web
11.514,1752,2257487,1288.52,111.4,1480,1100,152.16,196062.82,Video
11.106,29,17573,605.97,196.21,900,215,2.61,1582.28,Email
9.383,65,34471,530.32,206.58,884,229,6.93,3673.8,Email
3.496,20,3640,182.0,76.26,319,65,5.72,1041.24,WhatsApp
76.333,1190,1532711,1287.99,111.12,1480,1100,15.59,20079.34,Video
10.531,108,56568,523.78,179.55,858,209,10.26,5371.58,Email
4.84,24,4323,180.12,78.13,307,64,4.96,893.23,WhatsApp
9.865,138,100878,736.34,490.39,1448,67,13.99,10226.35,Web
2.452,58,11396,196.48,69.5,315,64,23.65,4646.97,WhatsApp
8.427,149,111067,750.45,503.35,1445,67,17.68,13180.2,Web
11.452,43,4222,98.19,19.1,128,66,3.75,368.68,ICMP
3.473,8,793,99.12,17.92,123,73,2.3,228.34,ICMP
21.345,952,202069,212.26,40.13,280,140,44.6,9466.94,VoIP
6.389,68,48398,722.36,484.89,1458,71,10.64,7574.98,Web
5.636,1815,2631273,1449.74,28.98,1500,1400,322.03,466862.35,FileTransfer
20.972,440,91099,207.04,40.64,280,140,20.98,4343.84,VoIP
9.79,33,5704,172.85,69.73,313,70,3.37,582.64,WhatsApp
54.795,346,446374,1290.1,112.38,1480,1100,6.31,8146.32,Video
10.574,76,56264,750.19,494.69,1453,76,7.19,5320.73,Web
13.472,970,206308,212.69,41.81,280,140,72.0,15314.28,VoIP
18.358,865,1255765,1451.75,28.69,1500,1400,47.12,68405.35,FileTransfer
51.495,1665,2411671,1448.45,29.06,1500,1400,32.33,46833.44,FileTransfer
53.72,188,40545,215.66,38.16,280,140,3.5,754.75,VoIP
18.703,46,4234,92.04,18.38,128,64,2.46,226.38,ICMP
14.587,22,1991,90.5,15.75,123,67,1.51,136.49,ICMP
27.087,8,779,97.38,14.76,113,67,0.3,28.76,ICMP
20.888,1828,2650090,1449.72,28.99,1500,1400,87.51,126871.84,FileTransfer
8.234,43,26554,617.53,218.21,880,222,5.22,3224.9,Email
12.38,105,80479,766.47,518.6,1458,70,8.48,6500.74,Web
31.644,2085,3023569,1450.15,28.88,1500,1400,65.89,95549.47,FileTransfer
8.799,27,2680,99.26,15.22,128,64,3.07,304.59,ICMP
18.849,78,44730,573.46,200.25,888,221,4.14,2373.04,Email
71.634,3281,4756583,1449.74,28.82,1500,1400,45.8,66401.43,FileTransfer
51.781,810,170097,210.0,40.35,280,140,15.64,3284.96,VoIP
18.919,21,1919,91.38,20.03,128,65,1.11,101.43,ICMP
22.023,275,58127,211.37,39.51,280,141,12.49,2639.42,VoIP
93.734,1669,2152144,1289.48,111.24,1480,1100,17.81,22960.0,Video
11.133,41,3886,94.78,21.19,128,64,3.68,349.05,ICMP
3.151,31,5864,189.16,77.72,317,71,9.84,1860.74,WhatsApp
2.785,34,3186,93.71,19.77,127,64,12.21,1144.09,ICMP
11.61,135,97128,719.47,483.53,1440,67,11.63,8365.95,Web
21.46,120,66986,558.22,186.85,869,205,5.59,3121.43,Email
19.536,20,14808,740.4,491.32,1384,83,1.02,757.98,Web
58.705,777,165245,212.67,41.72,280,140,13.24,2814.83,VoIP
79.919,725,929562,1282.15,108.1,1480,1100,9.07,11631.36,Video
63.901,1503,2180904,1451.03,29.41,1500,1400,23.52,34129.36,FileTransfer
3.705,138,101395,740.11,505.7,1457,64,37.24,27363.89,Web
10.063,47,9693,206.23,73.94,314,65,4.67,963.23,WhatsApp
13.168,25,4581,183.24,61.43,282,77,1.9,347.88,WhatsApp
24.655,449,651772,1451.61,28.73,1500,1400,18.21,26435.22,FileTransfer
5.623,57,5424,95.16,17.19,127,66,10.14,964.63,ICMP
15.546,17,1603,94.29,19.76,128,64,1.09,103.11,ICMP
47.774,761,981180,1289.33,109.64,1480,1100,15.93,20537.79,Video
48.714,936,1357002,1449.79,29.4,1500,1400,19.21,27856.33,FileTransfer
12.249,13,2602,200.15,71.79,291,90,1.06,212.42,WhatsApp
17.404,8,769,96.12,17.46,120,75,0.46,44.18,ICMP
1.641,51,10589,207.63,73.17,316,64,31.08,6453.83,WhatsApp
82.14,676,979734,1449.31,28.83,1500,1400,8.23,11927.58,FileTransfer
54.008,789,165763,210.09,41.35,280,140,14.61,3069.22,VoIP
12.153,76,14217,187.07,81.14,318,64,6.25,1169.82,WhatsApp
19.949,26,17292,691.68,472.32,1414,87,1.3,866.81,Web
78.689,556,805700,1449.1,28.38,1500,1400,7.07,10239.05,FileTransfer
41.023,419,541300,1291.89,106.91,1480,1100,10.21,13194.96,Video
12.619,21,1887,89.86,22.17,126,64,1.66,149.53,ICMP
3.07,19,1828,96.21,17.68,121,68,6.19,595.47,ICMP
42.309,299,62723,209.78,38.79,280,140,7.07,1482.5,VoIP
98.259,443,571238,1289.48,115.18,1480,1100,4.51,5813.61,Video
9.496,144,102628,717.68,485.97,1452,64,15.16,10807.99,Web
13.717,60,11856,197.6,75.96,314,67,4.37,864.3,WhatsApp
19.867,21,15868,793.4,538.15,1439,99,1.06,798.7,Web
65.954,1423,1831668,1287.19,111.86,1480,1100,21.58,27772.0,Video
45.917,3329,4826649,1449.88,28.93,1500,1400,72.5,105117.86,FileTransfer
16.559,909,191865,211.07,41.18,280,140,54.89,11586.45,VoIP
1.979,55,5243,95.33,18.36,128,64,27.79,2649.45,ICMP
28.511,881,185785,210.88,40.61,280,140,30.9,6516.18,VoIP
22.723,571,733538,1284.65,107.78,1480,1101,25.13,32281.59,Video
17.544,1439,2087419,1450.6,29.46,1500,1400,82.02,118978.81,FileTransfer
19.15,57,41879,747.84,499.87,1455,74,2.98,2186.88,Web
5.331,2817,4083592,1449.62,28.87,1500,1400,528.39,765973.47,FileTransfer
37.265,2070,2998711,1448.65,29.03,1500,1400,55.55,80469.07,FileTransfer
17.506,96,70942,746.76,504.36,1428,66,5.48,4052.38,Web
8.564,76,15514,204.13,80.59,320,64,8.87,1811.54,WhatsApp
4.365,54,29017,537.35,190.63,883,206,12.37,6647.26,Email
29.927,39,3680,94.36,17.38,127,64,1.3,122.96,ICMP
30.922,536,113227,211.24,41.63,280,140,17.33,3661.67,VoIP
72.539,834,1071098,1284.29,108.81,1480,1100,11.5,14765.85,Video
16.231,77,57322,754.24,501.08,1453,66,4.74,3531.6,Web
16.198,27,14258,528.07,168.88,829,270,1.67,880.23,Email
49.189,408,591950,1450.86,29.82,1500,1400,8.29,12034.09,FileTransfer
9.134,17,3027,178.06,58.24,312,68,1.86,331.38,WhatsApp
11.37,111,82293,748.12,518.48,1450,66,9.76,7237.8,Web
29.35,143,30202,211.2,39.01,280,140,4.87,1029.02,VoIP
48.04,967,203883,210.84,40.74,280,140,20.13,4243.99,VoIP
23.158,18,1660,92.22,17.68,126,73,0.78,71.68,ICMP
12.036,38,3790,99.74,21.79,127,64,3.16,314.89,ICMP
5.149,38,8064,212.21,78.9,313,65,7.38,1566.01,WhatsApp
37.528,564,731485,1296.96,111.87,1480,1102,15.03,19491.59,Video
13.702,1810,2627091,1451.43,29.09,1500,1400,132.1,191735.7,FileTransfer
8.34,138,104363,761.77,506.37,1454,66,16.55,12514.15,Web
22.189,43,4335,100.81,19.7,128,65,1.94,195.36,ICMP
2.694,37,19253,520.35,181.23,880,248,13.74,7147.51,Email
33.392,888,185877,209.32,42.26,280,140,26.59,5566.57,VoIP
8.801,43,8428,196.0,73.72,320,65,4.89,957.61,WhatsApp
3.183,126,92252,738.02,494.14,1459,67,39.59,28986.8,Web
14.46,27,5170,191.48,78.21,303,67,1.87,357.54,WhatsApp
17.38,58,40170,704.74,474.8,1458,68,3.34,2311.28,Web
12.275,36,19120,531.11,219.86,881,218,2.93,1557.63,Email
52.826,691,891191,1289.71,111.5,1480,1100,13.08,16870.39,Video
37.306,694,147331,212.29,40.7,280,140,18.6,3949.22,VoIP
61.306,1082,1569117,1450.2,29.11,1500,1400,17.65,25594.98,FileTransfer
29.138,51,4960,97.25,17.63,127,64,1.75,170.22,ICMP
3.597,123,87984,721.18,495.24,1446,69,34.2,24461.17,Web
29.089,430,89775,208.78,41.6,280,140,14.78,3086.26,VoIP
58.979,402,85061,211.59,41.47,280,140,6.82,1442.23,VoIP
15.023,84,61750,743.98,505.37,1452,71,5.59,4110.43,Web
15.648,23,18240,829.09,534.0,1385,141,1.47,1165.67,Web
3.348,23,3913,170.13,81.71,317,67,6.87,1168.65,WhatsApp
7.911,3063,4441093,1449.92,29.51,1500,1400,387.18,561373.35,FileTransfer
1.326,40,3828,95.7,17.79,126,64,30.17,2887.52,ICMP
53.721,3022,4381918,1450.01,28.84,1500,1400,56.25,81568.36,FileTransfer
30.532,3434,4982132,1450.82,28.89,1500,1400,112.47,163179.95,FileTransfer
33.58,2401,3483109,1450.69,29.27,1500,1400,71.5,103726.06,FileTransfer
45.417,1522,2208815,1451.26,29.75,1500,1400,33.51,48634.03,FileTransfer
26.885,271,57220,211.14,40.06,279,140,10.08,2128.31,VoIP
2.884,31,5749,185.45,84.08,315,71,10.75,1993.07,WhatsApp
9.153,516,748217,1450.03,29.37,1500,1400,56.37,81744.75,FileTransfer
7.303,12,1950,162.5,75.46,303,74,1.64,267.0,WhatsApp
44.385,986,1271270,1289.32,111.63,1480,1100,22.21,28642.02,Video
13.615,142,105886,750.96,504.55,1435,68,10.43,7777.3,Web
40.258,1075,1385572,1288.9,110.29,1480,1100,26.7,34417.43,Video
39.479,2905,4212448,1450.07,28.99,1500,1400,73.58,106700.12,FileTransfer
5.392,107,59454,555.64,202.05,897,216,19.84,11026.66,Email
51.388,885,187132,211.45,40.32,280,140,17.22,3641.52,VoIP
85.211,1861,2404172,1291.87,109.45,1480,1100,21.84,28214.33,Video
8.999,9,782,86.89,16.3,112,64,1.0,86.9,ICMP
17.004,91,48350,531.32,177.37,895,202,5.35,2843.47,Email
65.714,692,891517,1288.32,112.89,1480,1101,10.53,13566.69,Video
22.768,2995,4341912,1449.72,28.8,1500,1400,131.54,190703.22,FileTransfer
13.891,112,57950,517.41,199.23,885,212,8.06,4171.8,Email
77.911,814,1179595,1449.13,29.85,1500,1400,10.45,15140.36,FileTransfer
85.233,994,1441808,1450.51,29.03,1500,1400,11.66,16916.06,FileTransfer
13.31,41,3875,94.51,18.38,127,66,3.08,291.14,ICMP
68.264,1316,1908016,1449.86,28.62,1500,1400,19.28,27950.59,FileTransfer
18.566,55,30731,558.75,197.8,894,208,2.96,1655.23,Email
7.143,18,2944,163.56,75.29,317,66,2.52,412.16,WhatsApp
60.743,1107,1605262,1450.1,28.53,1500,1400,18.22,26427.22,FileTransfer
84.391,2656,3849334,1449.3,28.85,1500,1400,31.47,45613.1,FileTransfer
10.192,289,371520,1285.54,110.09,1480,1100,28.36,36453.08,Video
2.356,26,2385,91.73,18.07,126,64,11.03,1012.12,ICMP
7.439,944,197429,209.14,41.19,280,140,126.9,26539.71,VoIP
12.066,1199,1551781,1294.23,109.86,1480,1100,99.37,128604.49,Video
5.851,113,80909,722.4,492.18,1446,64,19.31,13828.73,Web
70.841,3220,4666789,1449.31,29.32,1500,1400,45.45,65876.62,FileTransfer
69.415,1922,2479397,1290.01,109.21,1480,1100,27.69,35718.44,Video
56.919,118,24566,208.19,40.86,280,140,2.07,431.6,VoIP
20.753,86,48189,560.34,203.56,895,205,4.14,2322.04,Email
16.758,45,4137,91.93,19.0,127,65,2.69,246.86,ICMP
17.56,47,26847,571.21,208.74,889,201,2.68,1528.85,Email
20.428,22,1963,89.23,16.87,122,64,1.08,96.09,ICMP
21.28,19,1756,92.42,17.82,124,65,0.89,82.52,ICMP
103.872,1466,1891679,1290.37,108.31,1480,1100,14.11,18211.57,Video
111.371,1114,1436098,1289.14,108.5,1480,1100,10.0,12894.75,Video
13.658,44,4110,93.41,19.66,127,67,3.22,300.91,ICMP
10.525,39,6840,175.38,73.81,315,64,3.71,649.89,WhatsApp
7.978,87,48478,557.22,191.97,893,202,10.9,6076.38,Email
24.632,26,2377,91.42,14.88,126,67,1.06,96.5,ICMP
17.667,67,37673,562.28,196.97,888,207,3.79,2132.41,Email
1.614,49,4570,93.27,17.88,127,64,30.35,2831.03,ICMP
28.51,1327,1924484,1450.25,29.32,1500,1400,46.54,67501.13,FileTransfer
11.635,125,93666,749.33,508.25,1443,65,10.74,8050.18,Web
45.284,650,136950,210.69,39.94,280,140,14.35,3024.23,VoIP
27.391,514,661319,1286.61,109.09,1478,1101,18.77,24143.66,Video
1.805,42,30352,740.29,501.27,1402,70,23.27,16812.95,Web
2.082,19,13583,754.61,481.3,1409,100,9.12,6522.99,Web
71.118,2548,3696410,1450.71,29.32,1500,1400,35.83,51975.56,FileTransfer
2.526,48,9570,199.38,62.8,317,76,19.01,3789.34,WhatsApp
85.584,1303,1678335,1288.05,107.54,1480,1100,15.22,19610.41,Video
43.365,975,1414258,1450.52,28.68,1500,1400,22.48,32612.81,FileTransfer
23.717,720,151520,210.44,40.88,280,140,30.36,6388.69,VoIP
12.386,135,100652,745.57,506.37,1450,66,10.9,8125.97,Web
15.2,21,2153,102.52,13.37,123,75,1.38,141.65,ICMP
61.945,994,1441542,1450.24,28.82,1500,1400,16.05,23271.31,FileTransfer
85.102,3076,4456761,1448.88,29.01,1500,1400,36.15,52369.86,FileTransfer
26.521,537,111165,207.01,41.24,280,140,20.25,4191.6,VoIP
28.158,1073,1384629,1290.43,110.91,1480,1100,38.11,49173.98,Video
16.393,3031,4394530,1449.86,29.35,1500,1400,184.9,268073.3,FileTransfer
36.144,514,108364,210.82,40.04,280,140,14.22,2998.16,VoIP
9.953,73,13755,188.42,72.31,320,70,7.33,1381.93,WhatsApp
24.429,296,61859,208.98,40.7,280,140,12.12,2532.15,VoIP
11.941,11,2251,204.64,64.74,316,82,0.92,188.51,WhatsApp
77.058,329,422895,1285.4,108.08,1479,1102,4.27,5488.0,Video
16.524,28,17150,612.5,180.18,877,203,1.69,1037.91,Email
5.869,133,99925,757.01,506.61,1439,65,22.66,17027.2,Web
50.799,326,68697,210.73,40.84,280,140,6.42,1352.33,VoIP
12.947,48,7968,166.0,67.74,315,65,3.71,615.43,WhatsApp
19.838,42,32646,796.24,526.59,1448,67,2.12,1645.63,Web
20.192,79,42927,543.38,208.85,892,204,3.91,2125.92,Email
13.858,632,133877,211.83,39.32,280,140,45.61,9660.87,VoIP
8.608,51,5025,98.53,18.65,128,65,5.92,583.74,ICMP
13.008,37,18197,491.81,202.83,866,223,2.84,1398.93,Email
57.08,477,100901,211.53,40.34,280,140,8.36,1767.72,VoIP
12.493,97,70881,738.34,494.72,1444,67,7.76,5673.72,Web
49.889,639,822873,1287.75,109.96,1480,1101,12.81,16494.14,Video
23.82,43,4119,95.79,18.51,128,65,1.81,172.92,ICMP
21.927,341,72911,213.82,42.18,280,140,15.55,3325.16,VoIP
9.773,60,11380,189.67,67.52,312,64,6.14,1164.47,WhatsApp
5.642,97,70126,730.48,497.26,1459,66,17.19,12429.01,Web
62.662,1109,1608704,1450.59,28.97,1500,1400,17.7,25672.58,FileTransfer
5.679,30,22024,734.13,483.17,1420,108,5.28,3878.31,Web
11.549,1084,1397833,1289.51,109.57,1480,1100,93.86,121031.04,Video
15.199,67,50397,763.59,501.21,1451,75,4.41,3315.9,Web
55.102,714,150462,210.73,40.34,280,140,12.96,2730.59,VoIP
6.465,91,51713,568.27,217.23,894,209,14.08,7999.2,Email
32.752,1055,1529851,1450.1,28.4,1500,1400,32.21,46709.83,FileTransfer
10.017,1901,2757743,1450.68,29.06,1500,1400,189.78,275315.42,FileTransfer
11.423,54,39343,742.32,513.5,1452,65,4.73,3444.33,Web
60.777,1242,1603339,1290.93,107.94,1480,1101,20.44,26380.71,Video
24.457,509,104275,204.86,40.31,280,140,20.81,4263.62,VoIP
15.157,104,55147,530.26,209.23,866,200,6.86,3638.47,Email
2.091,55,5044,91.71,16.55,125,64,26.3,2412.14,ICMP
11.219,10,1822,182.2,61.54,267,67,0.89,162.4,WhatsApp
31.566,3310,4796403,1449.06,29.16,1500,1400,104.86,151948.2,FileTransfer
5.897,67,35234,525.88,212.23,896,200,11.36,5974.41,Email
70.609,1107,1605332,1450.16,29.43,1500,1400,15.68,22735.47,FileTransfer
87.765,1089,1578841,1449.81,29.29,1500,1400,12.41,17989.37,FileTransfer
22.981,19,1912,100.63,16.24,127,72,0.83,83.2,ICMP
39.748,1283,1861081,1450.57,29.66,1500,1400,32.28,46821.75,FileTransfer
10.952,34,5972,175.65,76.61,320,70,3.1,545.3,WhatsApp
11.359,25,5134,205.36,71.11,319,71,2.2,451.99,WhatsApp
19.312,59,30347,514.36,209.13,898,206,3.06,1571.4,Email
9.389,43,31838,758.05,519.34,1383,67,4.58,3390.84,Web
88.287,1873,2409934,1286.67,111.97,1480,1100,21.21,27296.49,Video
70.91,2521,3657675,1450.88,28.87,1500,1400,35.55,51582.29,FileTransfer
27.813,54,5397,99.94,17.2,128,64,1.94,194.05,ICMP
17.175,2112,3061849,1449.74,29.31,1500,1400,122.97,178277.74,FileTransfer
15.455,150,108682,724.55,494.9,1456,66,9.71,7032.31,Web
15.069,443,572824,1293.06,110.26,1480,1100,29.4,38013.76,Video
55.984,1680,2436627,1450.37,29.23,1500,1400,30.01,43523.66,FileTransfer
13.374,378,79302,209.79,42.11,280,140,28.26,5929.45,VoIP
4.017,37,3630,98.11,18.35,126,66,9.21,903.74,ICMP
14.441,79,15384,194.73,78.62,318,64,5.47,1065.32,WhatsApp
8.024,80,60466,755.83,502.86,1456,69,9.97,7535.89,Web
2.706,30,22017,733.9,487.72,1442,65,11.09,8136.24,Web
39.497,1192,1728710,1450.26,29.05,1500,1400,30.18,43768.1,FileTransfer
9.3,74,13309,179.85,69.21,316,68,7.96,1431.0,WhatsApp
1.157,71,13872,195.38,80.53,317,66,61.34,11985.55,WhatsApp
50.778,987,206369,209.09,40.6,280,140,19.44,4064.14,VoIP
7.048,50,26598,531.96,192.87,879,205,7.09,3773.61,Email
76.871,637,820470,1288.02,108.1,1479,1100,8.29,10673.34,Video
12.844,84,46248,550.57,209.63,900,200,6.54,3600.86,Email
22.557,57,5616,98.53,19.42,127,66,2.53,248.97,ICMP
112.99,1016,1313469,1292.78,109.43,1480,1100,8.99,11624.61,Video
81.524,908,1169756,1288.28,109.04,1480,1100,11.14,14348.54,Video
14.482,66,12456,188.73,68.62,320,69,4.56,860.09,WhatsApp
46.013,698,146799,210.31,40.75,280,140,15.17,3190.4,VoIP
22.549,496,719305,1450.21,29.26,1500,1400,22.0,31899.02,FileTransfer
71.542,1512,1955042,1293.02,107.22,1480,1100,21.13,27327.32,Video
17.589,264,56012,212.17,40.86,280,141,15.01,3184.45,VoIP
23.872,10,910,91.0,19.73,124,66,0.42,38.12,ICMP
8.631,12,1241,103.42,20.21,127,65,1.39,143.78,ICMP
47.0,135,28496,211.08,39.69,280,141,2.87,606.3,VoIP
55.339,1852,2686640,1450.67,29.17,1500,1400,33.47,48548.49,FileTransfer
8.777,46,33227,738.38,517.11,1453,68,5.24,3785.89,Web
100.39,368,473767,1287.41,108.97,1479,1101,3.67,4719.26,Video
14.502,518,668149,1289.86,108.32,1480,1100,35.72,46074.05,Video
28.718,372,78103,209.95,41.44,280,140,12.95,2719.68,VoIP
63.284,414,600532,1450.56,28.55,1500,1400,6.54,9489.55,FileTransfer
15.814,40,24784,619.6,172.03,898,333,2.53,1567.26,Email
10.672,65,12280,188.92,69.41,308,65,6.09,1150.7,WhatsApp
16.721,767,160626,209.42,40.19,280,140,45.87,9606.51,VoIP
99.28,643,831881,1293.75,110.64,1480,1100,6.48,8379.16,Video
119.638,1739,2238990,1287.52,110.93,1479,1100,14.54,18714.72,Video
13.223,81,57413,717.66,493.01,1430,64,6.13,4341.89,Web
28.614,546,792370,1451.23,28.59,1500,1400,19.08,27691.54,FileTransfer
42.481,452,94155,208.31,40.4,280,140,10.64,2216.41,VoIP
78.293,3420,4954852,1448.79,29.16,1500,1400,43.68,63285.83,FileTransfer
44.677,631,914953,1450.0,29.81,1500,1400,14.12,20479.46,FileTransfer
40.245,636,132602,208.49,40.46,280,140,15.8,3294.91,VoIP
5.365,99,53446,539.86,207.09,900,222,18.45,9962.01,Email
5.346,95,71969,757.57,506.89,1460,69,17.77,13462.87,Web
11.181,109,78181,723.9,484.41,1460,69,9.75,6992.25,Web
89.846,609,882640,1449.33,29.87,1500,1400,6.78,9823.9,FileTransfer
22.372,30,2913,97.1,19.14,126,64,1.34,130.2,ICMP
8.076,116,61169,527.32,205.83,895,200,14.36,7573.9,Email
59.314,205,43526,212.32,40.5,280,140,3.46,733.82,VoIP
7.172,124,92826,754.68,508.08,1453,66,17.29,12942.67,Web
68.9,706,906310,1283.73,112.85,1480,1100,10.25,13153.92,Video
10.714,1565,2268036,1449.22,28.87,1500,1400,146.07,211690.29,FileTransfer
82.394,683,881327,1290.38,109.73,1480,1100,8.29,10696.47,Video
2.156,82,59318,732.32,495.07,1459,67,38.03,27508.07,Web
31.532,393,511252,1300.9,114.29,1480,1100,12.46,16213.64,Video
7.13,26,4877,187.58,65.74,302,85,3.65,683.98,WhatsApp
77.942,999,1287568,1288.86,109.63,1478,1100,12.82,16519.64,Video
7.874,79,14285,180.82,72.44,315,70,10.03,1814.13,WhatsApp
25.693,33,3331,100.94,16.69,126,65,1.28,129.64,ICMP
39.873,939,196445,209.21,42.06,280,140,23.55,4926.75,VoIP
42.559,799,1158287,1449.67,28.61,1500,1400,18.77,27216.14,FileTransfer
12.664,49,10156,207.27,71.36,317,72,3.87,801.95,WhatsApp
14.299,205,43189,210.68,39.32,280,140,14.34,3020.42,VoIP
10.996,56,5343,95.41,17.55,128,65,5.09,485.91,ICMP
25.866,51,4762,93.37,18.7,125,64,1.97,184.1,ICMP
12.835,61,33119,542.93,231.08,900,202,4.75,2580.46,Email
23.851,38,19519,513.66,205.41,883,220,1.59,818.39,Email
8.817,122,90293,746.22,490.41,1444,64,13.84,10240.21,Web
6.127,767,163018,212.54,40.28,280,140,125.18,26606.3,VoIP
97.504,811,1051065,1296.01,109.32,1480,1100,8.32,10779.68,Video
52.714,395,83777,212.09,40.34,280,140,7.49,1589.29,VoIP
16.774,65,32550,500.77,205.8,859,218,3.88,1940.51,Email
11.586,22,4365,198.41,58.07,309,69,1.9,376.74,WhatsApp
53.692,761,160066,210.34,41.07,280,140,14.17,2981.2,VoIP
9.681,21,3899,185.67,71.15,319,65,2.17,402.74,WhatsApp
11.319,72,14830,205.97,71.55,319,68,6.36,1310.15,WhatsApp
58.653,1751,2539457,1450.29,29.07,1500,1400,29.85,43296.36,FileTransfer
102.665,1732,2234946,1290.38,108.82,1480,1100,16.87,21769.24,Video
102.772,514,664739,1293.27,114.15,1480,1100,5.0,6468.1,Video
6.68,144,107366,750.81,504.5,1459,76,21.56,16072.93,Web
92.652,1874,2411551,1286.85,108.89,1480,1100,20.23,26028.03,Video
4.184,78,42065,539.29,186.01,878,202,18.64,10054.1,Email
12.818,61,32608,534.56,183.28,892,200,4.76,2543.91,Email
117.667,1050,1356771,1292.16,107.91,1480,1100,8.92,11530.65,Video
19.349,35,19615,560.43,186.95,866,214,1.81,1013.77,Email
9.27,64,11553,180.52,73.81,320,64,6.9,1246.32,WhatsApp
10.175,83,48125,579.82,189.93,900,214,8.16,4729.82,Email
12.586,13,1361,104.69,17.44,127,64,1.03,108.14,ICMP
12.414,42,4139,98.55,19.84,128,65,3.38,333.42,ICMP
4.909,12,2612,217.67,64.19,317,70,2.44,532.09,WhatsApp
9.585,102,55302,542.18,201.92,900,205,10.64,5769.88,Email
5.188,140,104531,746.65,501.68,1460,64,26.99,20149.14,Web
3.854,80,14878,185.97,71.11,320,64,20.76,3860.36,WhatsApp
9.747,657,137418,209.16,41.23,280,140,67.41,14098.66,VoIP
59.38,710,915127,1288.91,108.59,1480,1100,11.96,15411.3,Video
38.757,3220,4665304,1448.85,28.93,1500,1400,83.08,120372.83,FileTransfer
23.64,2164,3139137,1450.62,29.12,1500,1400,91.54,132791.46,FileTransfer
5.035,730,154792,212.04,41.28,280,140,144.99,30743.52,VoIP
36.99,3209,4654624,1450.49,29.48,1500,1400,86.75,125834.49,FileTransfer
54.249,341,71521,209.74,39.63,280,140,6.29,1318.37,VoIP
9.445,336,70217,208.98,40.83,280,140,35.57,7433.94,VoIP
19.37,940,199372,212.1,40.83,280,140,48.53,10292.61,VoIP
11.399,12,2343,195.25,77.92,297,83,1.05,205.54,WhatsApp
4.958,46,8872,192.87,64.62,319,78,9.28,1789.41,WhatsApp
86.234,1413,1821145,1288.85,110.63,1480,1100,16.39,21118.62,Video
10.443,53,28937,545.98,188.02,891,204,5.08,2771.01,Email
82.289,1006,1294733,1287.01,110.69,1480,1100,12.23,15734.05,Video
6.277,104,57034,548.4,226.44,900,203,16.57,9085.74,Email
47.77,1926,2794764,1451.07,29.29,1500,1400,40.32,58504.59,FileTransfer
17.953,86,44860,521.63,190.08,897,222,4.79,2498.7,Email
1.714,24,17677,768.57,496.47,1442,122,14.0,10311.53,Web
12.188,821,173516,211.35,39.98,280,141,67.36,14236.69,VoIP
7.358,145,105258,725.92,490.74,1455,68,19.71,14305.45,Web
46.024,2257,3273231,1450.26,29.01,1500,1400,49.04,71120.52,FileTransfer
56.801,222,46500,209.46,39.11,280,140,3.91,818.65,VoIP
4.84,73,42083,576.48,213.3,890,202,15.08,8694.4,Email
75.86,1841,2374415,1289.74,110.85,1480,1100,24.27,31300.03,Video
80.015,844,1082525,1282.61,111.05,1480,1100,10.55,13529.0,Video
6.324,22,3764,171.09,75.94,316,64,3.48,595.2,WhatsApp
13.56,22,15288,728.0,482.83,1371,76,1.62,1127.44,Web
14.104,78,15385,197.24,82.67,319,64,5.53,1090.85,WhatsApp
1.663,109,81324,753.0,504.9,1417,65,65.55,48905.38,Web
68.337,1413,1823953,1290.84,109.71,1480,1100,20.68,26690.41,Video
114.906,1008,1297634,1287.34,108.23,1480,1100,8.77,11293.0,Video
43.615,987,1273873,1290.65,114.3,1480,1100,22.63,29207.27,Video
56.465,1360,1972270,1450.2,29.39,1500,1400,24.09,34929.04,FileTransfer
5.198,80,44538,556.73,225.37,896,205,15.39,8568.41,Email
39.677,234,49123,209.93,40.49,279,142,5.9,1238.08,VoIP
7.37,593,123706,208.61,39.41,280,140,80.46,16784.55,VoIP
12.398,45,8303,184.51,76.62,314,68,3.63,669.73,WhatsApp
15.57,22,2072,94.18,18.71,125,67,1.41,133.08,ICMP
21.641,442,572480,1295.2,110.78,1480,1101,20.42,26453.37,Video
19.231,810,1041021,1285.21,109.98,1479,1100,42.12,54132.93,Video
14.422,31,5718,184.45,87.41,317,65,2.15,396.47,WhatsApp
23.199,44,4152,94.36,19.21,126,64,1.9,178.97,ICMP
14.522,1280,1856220,1450.17,29.73,1500,1400,88.14,127819.99,FileTransfer
14.863,36,27286,779.6,511.79,1445,75,2.42,1835.81,Web
14.926,51,10513,206.14,74.55,319,65,3.42,704.33,WhatsApp
65.376,1762,2554408,1449.72,28.84,1500,1400,26.95,39072.52,FileTransfer
82.023,3293,4773921,1449.72,29.19,1500,1400,40.15,58202.37,FileTransfer
45.68,648,137355,211.97,41.92,280,140,14.19,3006.88,VoIP
69.966,2261,3277679,1449.66,29.14,1500,1400,32.32,46846.92,FileTransfer
10.707,132,97027,740.66,503.16,1457,65,12.33,9061.73,Web
9.061,114,64282,563.88,209.53,893,201,12.58,7094.08,Email
100.279,1762,2275584,1291.48,110.04,1480,1100,17.57,22692.57,Video
11.462,116,60652,522.86,214.45,900,210,10.12,5291.79,Email
24.548,485,702778,1449.03,29.03,1500,1400,19.76,28628.15,FileTransfer
91.477,1932,2492972,1290.36,107.72,1480,1100,21.12,27252.53,Video
40.754,1306,1895180,1451.13,28.78,1500,1400,32.05,46503.0,FileTransfer
103.349,380,491220,1292.68,109.21,1479,1100,3.68,4753.03,Video
51.937,418,86580,207.13,40.16,280,140,8.05,1667.02,VoIP
18.23,23,14176,644.36,430.97,1349,79,1.26,777.64,Web
11.026,79,15808,200.1,73.21,318,66,7.17,1433.74,WhatsApp
25.391,14,1332,95.14,17.01,122,64,0.55,52.46,ICMP
27.246,273,56434,206.72,41.22,280,140,10.02,2071.24,VoIP
18.333,9,837,93.0,17.26,123,70,0.49,45.65,ICMP
22.082,287,60599,211.15,39.48,280,141,13.0,2744.22,VoIP
8.013,48,34638,736.98,503.11,1402,64,5.99,4322.87,Web
27.583,21,1958,93.24,21.42,128,64,0.76,70.99,ICMP
11.559,45,7783,172.96,69.77,313,71,3.89,673.34,WhatsApp
24.394,53,5101,96.25,17.46,127,65,2.17,209.1,ICMP
41.341,2801,4059197,1449.2,29.57,1500,1400,67.75,98188.69,FileTransfer
2.619,24,4665,194.38,78.74,308,67,9.16,1781.31,WhatsApp
86.173,1880,2435467,1295.46,110.74,1480,1100,21.82,28262.62,Video
13.779,694,1005188,1448.4,28.5,1500,1400,50.37,72950.1,FileTransfer
2.73,57,5317,93.28,18.97,128,67,20.88,1947.86,ICMP
2.293,141,102818,734.41,495.16,1457,66,61.5,44847.52,Web
18.733,71,52144,744.91,508.83,1437,70,3.79,2783.49,Web
5.447,46,8679,188.67,79.51,317,65,8.45,1593.36,WhatsApp
6.105,47,8638,183.79,74.47,310,67,7.7,1414.91,WhatsApp
8.884,126,93521,748.17,512.02,1451,65,14.18,10526.4,Web
10.342,941,1212059,1288.05,112.61,1480,1100,90.99,117200.93,Video
20.272,68,38721,569.43,203.35,895,218,3.35,1910.11,Email
1.273,63,11136,176.76,78.99,317,65,49.47,8745.16,WhatsApp
30.027,542,114262,210.82,40.43,280,140,18.05,3805.25,VoIP
111.074,389,502543,1291.88,112.12,1479,1101,3.5,4524.4,Video
4.204,33,24613,769.16,504.07,1440,64,7.85,5854.48,Web
11.079,34,18816,553.41,189.79,896,221,3.07,1698.35,Email
11.361,39,7306,187.33,76.92,320,70,3.43,643.05,WhatsApp
91.413,1379,1776415,1288.19,108.73,1480,1100,15.09,19432.83,Video
14.698,62,11496,185.42,66.05,309,69,4.22,782.15,WhatsApp
56.719,126,25829,204.99,37.82,279,141,2.22,455.39,VoIP
16.654,354,75399,212.99,39.76,280,140,21.26,4527.31,VoIP
22.043,20,10660,533.0,182.99,825,207,0.91,483.61,Email
26.58,54,5073,93.94,18.93,127,64,2.03,190.86,ICMP
5.647,182,38390,210.93,41.52,280,140,32.23,6798.56,VoIP
75.209,525,761409,1450.3,29.71,1500,1400,6.98,10123.93,FileTransfer
54.94,702,907553,1292.81,110.36,1480,1100,12.78,16519.08,Video
8.855,51,29287,574.25,205.66,886,217,5.76,3307.48,Email
5.979,1237,1793408,1449.8,29.56,1500,1400,206.91,299973.66,FileTransfer
8.772,27,14972,554.52,183.92,859,238,3.08,1706.72,Email
42.613,3436,4981267,1449.73,29.08,1500,1400,80.63,116896.34,FileTransfer
12.184,45,33696,748.8,515.26,1451,77,3.69,2765.61,Web
66.357,1059,1363635,1287.66,107.49,1480,1100,15.96,20550.03,Video
45.68,234,48820,208.63,41.36,280,140,5.12,1068.74,VoIP
13.619,21,11118,529.43,197.12,898,263,1.54,816.34,Email
17.87,63,46607,751.73,515.94,1442,79,3.53,2608.06,Web
24.437,2303,3338226,1449.51,29.09,1500,1400,94.24,136602.65,FileTransfer
13.758,30,2985,99.5,17.52,125,65,2.18,216.97,ICMP
14.929,24,4604,191.83,72.25,298,71,1.61,308.39,WhatsApp
7.488,43,23055,536.16,219.34,880,213,5.74,3079.09,Email
96.612,1026,1326354,1292.74,110.57,1480,1100,10.62,13728.6,Video
6.404,2555,3704870,1450.05,28.85,1500,1400,398.99,578551.43,FileTransfer
10.222,52,9637,185.33,67.04,313,67,5.09,942.77,WhatsApp
107.546,1360,1751009,1287.51,110.07,1480,1100,12.65,16281.47,Video
20.703,1044,1514645,1450.81,29.77,1500,1400,50.43,73159.85,FileTransfer
10.065,23,2256,98.09,20.9,128,65,2.29,224.14,ICMP
14.396,117,65836,562.7,210.34,896,202,8.13,4573.07,Email
18.938,63,45178,728.68,506.86,1434,67,3.33,2385.63,Web
10.701,40,30515,762.88,531.45,1453,72,3.74,2851.52,Web
85.587,980,1420931,1449.93,28.79,1500,1400,11.45,16602.2,FileTransfer
4.681,91,48794,536.2,192.86,886,208,19.44,10423.2,Email
3.436,29,16747,577.48,221.68,895,207,8.44,4874.59,Email
48.796,2617,3795029,1450.14,28.72,1500,1400,53.63,77773.44,FileTransfer
98.837,1616,2082976,1288.97,107.93,1480,1100,16.35,21074.94,Video
25.849,18,1769,98.28,21.88,126,65,0.7,68.44,ICMP
3.826,35,26107,745.91,496.17,1434,100,9.15,6824.19,Web
6.623,58,30149,519.81,206.42,872,204,8.76,4552.19,Email
10.626,20,3348,167.4,75.28,314,64,1.88,315.07,WhatsApp
1.165,52,10344,198.92,80.94,320,71,44.63,8878.08,WhatsApp
55.363,2148,3111637,1448.62,29.08,1500,1400,38.8,56204.47,FileTransfer
72.241,468,677617,1447.9,28.78,1500,1400,6.48,9379.99,FileTransfer
10.203,31,3000,96.77,17.09,126,64,3.04,294.03,ICMP
7.978,145,105477,727.43,492.9,1460,66,18.18,13221.5,Web
23.061,91,47106,517.65,208.63,900,220,3.95,2042.64,Email
34.718,833,172521,207.11,40.38,280,140,23.99,4969.27,VoIP
55.986,1141,1656063,1451.41,28.82,1500,1400,20.38,29580.11,FileTransfer
102.521,621,797928,1284.91,109.29,1480,1100,6.06,7783.06,Video
57.138,533,772653,1449.63,28.5,1500,1400,9.33,13522.66,FileTransfer
27.546,8,835,104.38,15.82,122,69,0.29,30.31,ICMP
58.675,638,134766,211.23,39.83,280,140,10.87,2296.83,VoIP
48.999,1239,1797303,1450.61,28.79,1500,1400,25.29,36680.18,FileTransfer
7.257,983,1425360,1450.01,29.7,1500,1400,135.46,196423.53,FileTransfer
56.041,981,206605,210.61,39.58,280,140,17.5,3686.65,VoIP
48.085,1028,1329913,1293.69,109.54,1480,1100,21.38,27657.69,Video
82.145,286,370932,1296.97,108.05,1480,1100,3.48,4515.55,Video
19.046,56,40460,735.64,495.62,1423,66,2.94,2124.38,Web
1.969,73,53347,740.93,511.03,1460,67,37.08,27097.4,Web
21.388,36,3598,99.94,18.53,128,70,1.68,168.23,ICMP
55.421,897,187762,209.32,41.03,280,140,16.19,3387.91,VoIP
57.428,305,64171,210.4,40.45,280,140,5.31,1117.41,VoIP
17.345,110,64227,583.88,197.88,893,210,6.34,3702.91,Email
20.193,256,52873,206.54,39.79,280,140,12.68,2618.43,VoIP
1.266,76,16805,221.12,72.35,320,64,60.02,13270.7,WhatsApp
16.658,16,1609,100.56,14.22,128,78,0.96,96.59,ICMP
21.763,277,59453,214.63,39.75,280,140,12.73,2731.83,VoIP
42.319,1999,2575858,1288.57,108.95,1480,1100,47.24,60868.07,Video
24.905,30,15436,514.53,207.6,855,204,1.2,619.78,Email
4.679,110,60817,552.88,196.85,896,205,23.51,12998.29,Email
1.649,141,103840,741.71,505.12,1458,68,85.49,62957.47,Web
10.266,13,1213,93.31,15.33,125,71,1.27,118.16,ICMP
19.182,23,2220,96.52,19.73,128,67,1.2,115.73,ICMP
90.053,1740,2244609,1290.01,111.19,1479,1100,19.32,24925.49,Video
10.62,827,174924,211.52,40.28,280,140,77.88,16471.9,VoIP
6.822,95,52816,555.96,184.2,891,203,13.93,7742.43,Email
15.323,56,43682,794.22,527.55,1445,77,3.65,2850.8,Web
24.188,75,41215,549.53,213.54,900,200,3.1,1703.91,Email
52.689,548,705734,1287.84,106.5,1480,1101,10.4,13394.4,Video
20.888,120,25289,210.74,38.43,278,141,5.74,1210.7,VoIP
74.108,1562,2264744,1449.9,29.1,1500,1400,21.08,30559.91,FileTransfer
7.163,102,77026,762.63,518.96,1459,75,14.24,10752.61,Web
71.389,2414,3502573,1450.94,29.2,1500,1400,33.81,49062.98,FileTransfer
70.99,495,638789,1290.48,110.51,1480,1100,6.97,8998.26,Video
5.36,71,13914,195.97,78.97,318,65,13.25,2595.88,WhatsApp
71.345,2373,3438125,1448.85,29.25,1500,1400,33.26,48189.86,FileTransfer
11.387,35,17591,502.6,205.23,877,225,3.07,1544.89,Email
19.503,140,101813,727.24,491.53,1423,64,7.18,5220.36,Web
5.662,44,4195,95.34,18.33,127,64,7.77,740.88,ICMP
3.92,118,65342,553.75,203.33,890,201,30.1,16670.27,Email
8.387,86,64860,763.06,509.69,1436,71,10.25,7733.49,Web
13.91,146,108250,746.55,500.18,1452,64,10.5,7782.14,Web
44.319,525,761148,1449.81,28.53,1500,1400,11.85,17174.43,FileTransfer
40.01,999,1289130,1290.42,109.68,1480,1100,24.97,32220.29,Video
6.114,7,608,86.86,7.99,98,75,1.14,99.45,ICMP
13.584,146,105355,726.59,486.68,1443,65,10.75,7755.76,Web
46.022,1331,1719268,1291.71,112.22,1480,1100,28.92,37357.25,Video
87.058,1799,2610626,1451.15,29.55,1500,1400,20.66,29987.32,FileTransfer
75.334,1860,2391720,1285.87,109.7,1480,1100,24.69,31748.19,Video
15.676,2587,3751737,1450.23,29.03,1500,1400,165.03,239331.04,FileTransfer
1.45,27,2663,98.63,18.69,126,65,18.62,1836.81,ICMP
12.908,10,1851,185.1,43.57,240,71,0.77,143.4,WhatsApp
29.244,11,976,88.73,16.26,123,65,0.38,33.37,ICMP
26.69,551,116142,210.78,41.3,280,140,20.64,4351.52,VoIP
6.242,28,2748,98.14,18.73,127,64,4.49,440.22,ICMP
23.851,47,26325,560.11,197.09,898,207,1.97,1103.74,Email
86.933,3133,4543697,1450.27,28.92,1500,1400,36.04,52266.6,FileTransfer
64.347,922,1338056,1451.25,29.8,1500,1400,14.33,20794.28,FileTransfer
9.847,56,5402,96.46,19.22,128,65,5.69,548.59,ICMP
6.347,372,78692,211.54,40.49,280,141,58.61,12397.95,VoIP
19.188,16,1652,103.25,16.15,127,75,0.83,86.1,ICMP
11.609,56,31777,567.45,194.02,896,200,4.82,2737.18,Email
2.149,64,48484,769.59,533.01,1455,64,29.78,22556.59,Web
19.741,1756,2265777,1290.31,109.86,1480,1100,88.95,114776.39,Video
12.879,22,2260,102.73,20.5,128,66,1.71,175.48,ICMP
94.227,573,742409,1295.65,109.2,1480,1101,6.08,7878.94,Video
21.614,137,28480,207.88,38.58,280,140,6.34,1317.66,VoIP
65.973,1243,1602415,1289.15,108.88,1480,1100,18.84,24289.11,Video
6.042,22,4182,190.09,74.92,307,86,3.64,692.12,WhatsApp
13.275,1785,2302808,1290.09,110.4,1480,1100,134.47,173474.56,Video
16.174,94,71050,763.98,515.69,1451,66,5.81,4392.77,Web
15.539,55,38773,704.96,475.74,1421,68,3.54,2495.16,Web
18.39,1044,1345502,1288.8,107.82,1480,1100,56.77,73164.33,Video
4.687,15,1498,99.87,20.72,128,64,3.2,319.58,ICMP
14.818,70,13371,191.01,69.93,317,64,4.72,902.32,WhatsApp
15.844,18,12161,715.35,483.77,1304,66,1.14,767.54,Web
18.232,91,51750,568.68,202.96,899,215,4.99,2838.4,Email
88.462,1672,2161115,1292.53,110.57,1480,1100,18.9,24429.9,Video
81.529,486,704307,1449.19,28.72,1500,1400,5.96,8638.75,FileTransfer
28.951,941,1365122,1450.71,28.94,1500,1400,32.5,47152.44,FileTransfer
13.806,23,4759,206.91,79.26,312,66,1.67,344.7,WhatsApp
28.344,101,20583,203.79,39.15,280,140,3.56,726.19,VoIP
64.969,1784,2297430,1287.8,108.99,1480,1100,27.46,35362.15,Video
31.351,791,1019371,1288.71,109.09,1480,1100,25.23,32514.61,Video
11.223,12,2223,185.25,72.92,314,68,1.07,198.07,WhatsApp
13.932,51,38194,763.88,513.91,1454,67,3.66,2741.43,Web
77.713,800,1158853,1448.57,28.49,1500,1400,10.29,14912.02,FileTransfer
22.201,103,57776,560.93,191.75,888,204,4.64,2602.42,Email
5.294,54,10896,201.78,80.9,305,65,10.2,2058.21,WhatsApp
17.603,42,21689,516.4,168.24,885,209,2.39,1232.11,Email
9.388,96,72221,760.22,515.36,1457,68,10.23,7693.0,Web
11.337,56,5321,95.02,16.49,128,65,4.94,469.36,ICMP
18.24,65,35414,544.83,178.85,885,210,3.56,1941.51,Email
55.759,2625,3807008,1450.29,28.88,1500,1400,47.08,68275.9,FileTransfer
15.994,64,47305,750.87,511.31,1425,65,4.0,2957.7,Web
14.647,27,16557,613.22,181.18,848,210,1.84,1130.39,Email
46.593,114,23679,207.71,42.84,279,140,2.45,508.21,VoIP
13.453,69,51694,760.21,508.37,1459,65,5.13,3842.61,Web
9.565,727,154529,212.56,40.14,280,140,76.01,16156.29,VoIP
20.479,57,5489,96.3,19.71,128,65,2.78,268.04,ICMP
3.81,28,2520,90.0,17.93,126,69,7.35,661.34,ICMP
7.411,10,2339,233.9,56.1,315,125,1.35,315.62,WhatsApp
13.272,2695,3907233,1449.81,29.02,1500,1400,203.07,294407.54,FileTransfer
11.952,79,40428,511.75,193.57,887,208,6.61,3382.46,Email
4.318,54,28895,535.09,221.14,892,209,12.51,6692.26,Email
105.667,869,1116802,1285.16,109.21,1480,1100,8.22,10569.04,Video
18.825,17,1635,96.18,18.95,124,65,0.9,86.85,ICMP
48.034,921,196088,212.91,39.75,280,140,19.17,4082.29,VoIP
2.158,130,94717,728.59,495.96,1449,68,60.25,43900.87,Web
17.244,112,64431,575.28,205.05,895,212,6.5,3736.44,Email
18.27,19,1777,93.53,22.14,128,65,1.04,97.26,ICMP
42.935,585,848609,1450.61,29.3,1500,1400,13.63,19764.85,FileTransfer
16.123,140,104420,745.86,501.82,1459,66,8.68,6476.47,Web
16.748,100,74091,740.91,495.18,1425,64,5.97,4423.88,Web
76.574,1904,2760438,1449.81,29.2,1500,1400,24.86,36049.5,FileTransfer
5.173,88,46992,534.0,212.93,896,215,17.01,9084.56,Email
5.128,498,105077,211.0,40.52,280,141,97.12,20492.49,VoIP
1.115,34,6498,191.12,79.69,317,65,30.5,5828.47,WhatsApp
5.596,47,4375,93.09,18.28,128,64,8.4,781.77,ICMP
10.891,38,19542,514.26,173.51,879,229,3.49,1794.4,Email
13.984,119,63913,537.08,192.92,899,202,8.51,4570.55,Email
50.478,372,480782,1292.42,107.82,1480,1102,7.37,9524.5,Video
42.069,311,64721,208.11,41.22,279,140,7.39,1538.45,VoIP
14.17,30,2927,97.57,18.49,128,67,2.12,206.57,ICMP
13.892,111,80296,729.96,503.91,1452,65,7.99,5780.08,Web
18.384,1003,1454344,1449.99,29.12,1500,1400,54.56,79110.27,FileTransfer
22.112,112,63173,564.04,209.08,898,202,5.07,2856.9,Email
82.934,1294,1875264,1449.2,29.22,1500,1400,15.6,22611.53,FileTransfer
1.502,33,3044,92.24,16.37,128,68,21.97,2027.02,ICMP
62.961,493,639151,1296.45,107.82,1480,1100,7.83,10151.52,Video
29.507,29,2768,95.45,20.86,128,65,0.98,93.81,ICMP
15.553,9,842,93.56,22.0,128,64,0.58,54.14,ICMP
1.686,75,14843,197.91,83.14,320,64,44.47,8801.14,WhatsApp
3.126,54,5037,93.28,17.02,128,65,17.28,1611.46,ICMP
12.163,64,33008,515.75,199.75,886,205,5.26,2713.76,Email
48.794,877,1270678,1448.89,28.55,1500,1400,17.97,26041.71,FileTransfer
8.699,104,54814,527.06,198.53,898,211,11.96,6301.28,Email
6.274,322,67474,209.55,42.47,280,140,51.32,10754.91,VoIP
18.312,83,46018,554.43,193.84,895,224,4.53,2513.04,Email
9.849,40,20322,508.05,198.22,892,202,4.06,2063.38,Email
6.477,72,13909,193.18,70.96,320,67,11.12,2147.58,WhatsApp
5.75,107,78345,739.1,490.08,1421,66,18.61,13625.62,Web
19.657,739,156895,212.31,39.65,280,140,37.59,7981.46,VoIP
12.046,37,25454,707.06,481.71,1410,70,3.07,2113.11,Web
23.005,45,4307,95.71,19.07,128,67,1.96,187.22,ICMP
64.174,1230,1784001,1450.41,29.12,1500,1400,19.17,27799.4,FileTransfer
3.847,120,89032,741.93,490.02,1456,69,31.19,23142.56,Web
18.267,53,28955,546.32,201.32,896,224,2.9,1585.11,Email
45.71,809,169840,209.94,41.2,280,140,17.7,3715.61,VoIP
65.691,2615,3793787,1450.78,29.09,1500,1400,39.81,57751.7,FileTransfer
5.427,54,11273,208.76,77.35,319,69,9.95,2077.39,WhatsApp
7.475,40,7956,198.9,73.4,317,72,5.35,1064.38,WhatsApp
9.837,39,28966,762.26,510.84,1429,74,3.96,2944.47,Web
5.047,183,38864,212.37,42.4,280,140,36.26,7699.9,VoIP
2.427,95,72186,759.85,511.8,1449,70,39.14,29739.39,Web
12.2,35,3240,92.57,17.72,124,65,2.87,265.57,ICMP
7.228,35,25982,742.34,505.88,1423,68,4.84,3594.72,Web
77.086,2597,3764613,1449.6,29.2,1500,1400,33.69,48836.63,FileTransfer
80.113,331,428820,1295.53,109.44,1480,1100,4.13,5352.67,Video
2.087,49,28326,578.08,176.69,897,209,23.48,13573.89,Email
85.831,2246,3255977,1449.68,29.06,1500,1400,26.17,37934.89,FileTransfer
6.006,20,14774,738.7,495.7,1447,80,3.33,2459.79,Web
11.299,185,38426,207.71,39.75,280,140,16.37,3400.71,VoIP
16.805,21,11288,537.52,176.68,854,233,1.25,671.69,Email
18.451,127,95918,761.25,517.54,1458,66,6.88,5198.41,Web
5.142,70,38052,543.6,205.83,900,200,13.61,7400.69,Email
25.633,36,3520,97.78,20.27,128,65,1.4,137.32,ICMP
13.13,27,19082,733.92,434.82,1444,140,2.06,1453.26,Web
26.499,1338,1723886,1288.41,112.47,1480,1100,50.49,65055.86,Video
12.649,744,960362,1290.81,110.25,1480,1100,58.82,75923.44,Video
13.323,33,16980,514.55,194.84,877,212,2.48,1274.46,Email
18.8,45,4487,99.71,17.33,128,65,2.39,238.67,ICMP
14.725,73,14016,192.0,75.98,320,67,4.96,951.87,WhatsApp
18.804,185,38755,209.49,40.1,280,141,9.84,2060.98,VoIP
19.492,134,98403,739.87,493.72,1460,65,6.87,5048.38,Web
26.638,1392,1795042,1289.54,110.08,1480,1100,52.26,67386.0,Video
15.878,472,608872,1289.98,108.25,1480,1101,29.73,38346.91,Video
11.844,60,5914,98.57,18.52,127,65,5.07,499.33,ICMP
17.628,17,12066,754.12,501.95,1349,73,0.96,684.48,Web
2.062,107,62873,587.6,197.66,899,229,51.89,30493.37,Email
15.155,48,29216,608.67,189.05,897,250,3.17,1927.77,Email
109.624,1384,1779830,1286.0,109.26,1480,1100,12.63,16235.82,Video
38.777,586,123832,211.32,42.08,280,140,15.11,3193.43,VoIP
28.12,20,1867,93.35,18.41,126,65,0.71,66.39,ICMP
25.369,659,846207,1284.08,107.47,1479,1100,25.98,33356.43,Video
23.816,217,45220,208.39,40.56,280,140,9.11,1898.72,VoIP
17.846,324,69327,213.97,42.01,280,140,18.16,3884.69,VoIP
19.602,9,963,107.0,18.51,128,71,0.46,49.13,ICMP
74.435,324,418114,1290.48,107.52,1475,1101,4.35,5617.2,Video
61.19,3180,4609289,1449.46,29.14,1500,1400,51.97,75327.23,FileTransfer
52.3,869,179753,206.85,40.76,280,140,16.62,3436.96,VoIP
29.346,565,118014,208.87,40.59,279,140,19.25,4021.48,VoIP
20.616,32,3219,100.59,20.81,128,64,1.55,156.14,ICMP
12.983,1825,2356543,1291.26,110.66,1480,1100,140.57,181506.22,Video
72.353,1565,2015134,1287.63,109.94,1480,1100,21.63,27851.43,Video
44.951,2065,2993503,1449.64,28.7,1500,1400,45.94,66594.74,FileTransfer
2.702,98,69480,716.29,496.59,1452,64,36.28,25718.46,Web
11.417,28,2901,103.61,17.35,127,71,2.45,254.1,ICMP
9.766,47,28146,598.85,205.58,888,217,4.81,2881.93,Email
70.162,3285,4763269,1450.01,29.82,1500,1400,46.82,67889.25,FileTransfer
4.254,71,39982,563.13,199.98,894,211,16.69,9398.15,Email
103.399,1434,1841225,1283.98,108.37,1480,1100,13.87,17806.99,Video
2.255,45,8376,186.13,73.39,316,71,19.95,3713.59,WhatsApp
17.445,101,75410,754.1,498.7,1460,65,5.79,4322.61,Web
4.22,32,3017,94.28,19.3,128,65,7.58,714.9,ICMP
19.952,30,16068,535.6,168.96,886,215,1.5,805.34,Email
1.996,47,9011,191.72,78.94,312,66,23.55,4515.34,WhatsApp
8.238,116,60139,518.44,196.41,863,201,14.08,7299.86,Email
20.202,20,10787,539.35,203.8,866,265,0.99,533.96,Email
46.058,849,178684,210.46,40.31,280,140,18.43,3879.56,VoIP
39.168,1981,2562164,1293.37,111.32,1480,1100,50.58,65414.56,Video
28.71,927,195318,210.7,40.55,280,140,32.29,6803.15,VoIP
65.137,942,1220391,1295.53,109.69,1479,1100,14.46,18735.7,Video
9.973,65,35369,544.14,196.57,880,210,6.52,3546.64,Email
25.035,1669,2152399,1289.63,108.7,1480,1100,66.67,85975.91,Video
28.996,42,4090,97.38,18.16,128,65,1.45,141.05,ICMP
39.024,1256,1618989,1289.0,112.19,1480,1100,32.19,41487.01,Video
76.958,3082,4467095,1449.41,29.16,1500,1400,40.05,58045.77,FileTransfer
16.154,397,510605,1286.16,110.53,1480,1100,24.58,31608.26,Video
18.665,52,4986,95.88,18.37,127,65,2.79,267.13,ICMP
11.004,25,15912,636.48,217.93,900,214,2.27,1446.07,Email
5.744,76,55256,736.75,496.32,1418,64,13.23,9618.96,Web
7.802,98,52253,533.19,201.41,881,214,12.56,6697.64,Email
25.516,27,2543,94.19,17.07,124,65,1.06,99.66,ICMP
11.998,1723,2228231,1293.23,109.9,1480,1100,143.61,185715.02,Video
62.898,328,423966,1292.58,108.95,1480,1100,5.21,6740.5,Video
93.135,1955,2532252,1295.27,109.02,1480,1100,20.99,27189.12,Video
28.856,105,21769,207.32,41.08,278,140,3.64,754.41,VoIP
13.586,37,20202,546.0,203.72,888,210,2.72,1486.93,Email
4.599,29,16297,561.97,220.55,890,229,6.31,3543.94,Email
47.485,1911,2469870,1292.45,111.65,1480,1100,40.24,52013.67,Video
18.715,33,3185,96.52,16.54,126,65,1.76,170.19,ICMP
22.696,908,189109,208.27,40.61,280,140,40.01,8332.33,VoIP
24.859,83,44667,538.16,209.51,890,201,3.34,1796.85,Email
3.812,63,12188,193.46,86.05,317,64,16.53,3197.38,WhatsApp
24.226,37,21538,582.11,202.63,885,213,1.53,889.04,Email
10.811,48,4629,96.44,19.27,126,65,4.44,428.17,ICMP
22.247,2473,3585361,1449.8,29.19,1500,1400,111.16,161162.56,FileTransfer
74.942,3391,4914372,1449.24,29.3,1500,1400,45.25,65575.28,FileTransfer
16.095,79,59483,762.6,521.36,1439,71,4.91,3695.65,Web
26.893,20,2062,103.1,18.18,127,67,0.74,76.67,ICMP
4.279,73,13535,185.41,72.01,311,65,17.06,3162.92,WhatsApp
9.783,389,81727,210.1,38.94,280,141,39.76,8354.1,VoIP
45.451,681,143214,210.3,40.58,280,140,14.98,3150.95,VoIP
10.993,49,9686,197.67,78.87,318,64,4.46,881.08,WhatsApp
12.579,55,10127,184.13,77.76,320,65,4.37,805.05,WhatsApp
4.539,13,1193,91.77,19.57,122,67,2.86,262.81,ICMP
73.366,1765,2557704,1449.12,29.18,1500,1400,24.06,34862.47,FileTransfer
24.526,62,34356,554.13,192.36,887,207,2.53,1400.78,Email
3.905,113,83536,745.86,508.45,1450,67,28.94,21391.24,Web
4.138,75,56397,751.96,512.16,1448,65,18.13,13629.28,Web
7.994,35,23963,684.66,453.23,1392,90,4.38,2997.6,Web
64.492,801,1033114,1289.78,110.57,1480,1100,12.42,16019.25,Video
74.997,2861,4147529,1449.68,29.32,1500,1400,38.15,55302.3,FileTransfer
85.417,1438,1847329,1284.65,109.21,1480,1100,16.83,21627.08,Video
13.896,5,438,87.6,15.36,106,68,0.36,31.52,ICMP
51.761,625,130892,209.43,39.51,280,140,12.07,2528.77,VoIP
9.641,39,8078,207.13,68.75,309,88,4.05,837.9,WhatsApp
3.515,43,7676,178.51,71.63,315,64,12.23,2183.56,WhatsApp
115.697,909,1168173,1285.12,107.58,1480,1100,7.86,10096.83,Video
43.511,241,50882,211.13,40.87,280,140,5.54,1169.4,VoIP
6.368,26,2564,98.62,19.55,128,64,4.08,402.66,ICMP
1.32,14,2672,190.86,77.65,315,84,10.61,2024.57,WhatsApp
10.805,49,26803,547.0,197.21,899,201,4.53,2480.62,Email
28.854,37,3485,94.19,20.07,128,64,1.28,120.78,ICMP
55.162,636,131924,207.43,39.46,280,140,11.53,2391.57,VoIP
31.54,300,62647,208.82,41.76,280,140,9.51,1986.3,VoIP
27.519,14,1323,94.5,19.29,126,65,0.51,48.08,ICMP
14.33,15,10703,713.53,494.07,1430,87,1.05,746.91,Web
13.987,99,72195,736.68,505.79,1457,65,7.08,5161.76,Web
6.825,54,10181,188.54,77.75,319,76,7.91,1491.71,WhatsApp
5.806,75,15433,205.77,68.07,316,66,12.92,2657.89,WhatsApp
21.807,23,12555,545.87,179.93,891,241,1.05,575.74,Email
8.82,13,1196,92.0,19.47,124,66,1.47,135.61,ICMP
9.799,59,11240,190.51,79.17,320,67,6.02,1147.01,WhatsApp
14.984,497,721781,1452.28,29.38,1500,1400,33.17,48168.56,FileTransfer
18.926,87,45276,520.41,180.11,889,201,4.6,2392.29,Email
45.507,336,70424,209.6,40.04,280,140,7.38,1547.53,VoIP
16.809,45,34374,763.87,520.24,1455,66,2.68,2044.96,Web
13.959,38,7351,193.45,75.24,310,74,2.72,526.62,WhatsApp
6.026,38,27790,751.08,492.39,1440,73,6.31,4611.9,Web
92.269,821,1062334,1293.95,106.82,1479,1100,8.9,11513.42,Video
25.108,619,129743,209.6,41.93,280,140,24.65,5167.48,VoIP
41.072,162,33864,209.04,40.86,280,140,3.94,824.5,VoIP
74.104,2821,4091700,1450.44,29.38,1500,1400,38.07,55215.57,FileTransfer
2.551,64,38476,601.19,203.23,879,220,25.09,15085.28,Email
6.847,2385,3457872,1449.84,29.18,1500,1400,348.31,504993.01,FileTransfer
119.119,1868,2412072,1291.26,110.99,1480,1100,15.68,20249.26,Video
7.424,51,9630,188.82,68.62,316,68,6.87,1297.15,WhatsApp
14.605,96,49043,510.86,214.9,895,207,6.57,3357.91,Email
45.692,597,126153,211.31,40.55,280,140,13.07,2760.97,VoIP
8.283,103,56673,550.22,192.37,900,200,12.43,6841.85,Email
4.875,65,12511,192.48,81.19,320,64,13.33,2566.2,WhatsApp
85.033,330,424342,1285.88,111.85,1480,1100,3.88,4990.32,Video
5.568,235,49461,210.47,40.5,280,140,42.21,8883.83,VoIP
10.317,22,9688,440.36,189.38,887,221,2.13,939.04,Email
18.229,87,65545,762.15,520.28,1460,66,4.77,3595.7,Web
79.846,955,1225893,1283.66,108.95,1480,1100,11.96,15353.15,Video
111.071,1830,2370036,1295.1,109.54,1480,1100,16.48,21338.08,Video
6.893,908,189931,209.18,40.41,280,140,131.74,27555.73,VoIP
10.46,71,12857,181.08,75.8,318,71,6.79,1229.2,WhatsApp
50.698,728,936760,1286.76,110.59,1480,1101,14.36,18477.41,Video
37.653,1728,2227624,1289.13,106.43,1480,1100,45.89,59161.95,Video
11.886,74,53819,737.25,495.5,1452,66,6.23,4527.98,Web
7.59,111,60733,547.14,200.52,890,214,14.62,8001.36,Email
38.334,755,159563,211.34,39.84,280,140,19.7,4162.39,VoIP
41.023,764,1108760,1451.26,28.87,1500,1400,18.62,27027.79,FileTransfer
50.689,2735,3965042,1449.74,29.21,1500,1400,53.96,78222.82,FileTransfer
17.778,27,2533,93.81,19.91,127,64,1.52,142.48,ICMP
23.009,50,4803,96.06,20.31,128,66,2.17,208.75,ICMP
6.932,114,82508,730.16,494.13,1456,64,16.45,11902.54,Web
69.088,1365,1979480,1450.17,28.72,1500,1400,19.76,28651.55,FileTransfer
75.978,2350,3407826,1450.14,28.57,1500,1400,30.93,44852.53,FileTransfer
17.506,93,66893,727.1,482.98,1460,69,5.31,3821.17,Web
9.867,86,60324,709.69,482.78,1454,65,8.72,6113.93,Web
16.689,81,62430,780.38,521.46,1444,66,4.85,3740.71,Web
7.765,657,137840,209.8,39.43,280,140,84.62,17752.43,VoIP
34.843,330,69484,210.56,39.84,280,140,9.47,1994.21,VoIP
4.844,30,5339,177.97,71.3,316,77,6.19,1102.21,WhatsApp
14.58,23,12749,554.3,229.16,866,209,1.58,874.43,Email
7.813,62,31807,513.02,194.56,897,200,7.94,4071.03,Email
5.442,38,3651,96.08,16.89,128,69,6.98,670.94,ICMP
38.42,2042,2960083,1449.6,29.12,1500,1400,53.15,77044.54,FileTransfer
46.165,567,120824,213.09,37.87,280,140,12.28,2617.21,VoIP
88.419,873,1124949,1288.6,112.94,1480,1100,9.87,12722.92,Video
35.238,914,192410,210.51,40.82,280,140,25.94,5460.23,VoIP
37.144,1187,1722045,1450.75,28.86,1500,1400,31.96,46361.24,FileTransfer
6.992,3365,4876862,1449.29,29.3,1500,1400,481.24,697453.92,FileTransfer
96.392,456,587246,1287.82,107.07,1479,1100,4.73,6092.25,Video
16.421,30,18457,615.23,170.85,879,223,1.83,1123.97,Email
87.758,1050,1354669,1290.16,109.22,1480,1100,11.96,15436.5,Video
5.936,80,59563,744.54,500.63,1445,66,13.48,10034.71,Web
22.152,56,5380,96.07,20.07,127,64,2.53,242.87,ICMP
80.933,1344,1728665,1286.21,110.47,1480,1100,16.61,21359.19,Video
40.956,417,536039,1285.47,110.13,1479,1100,10.18,13088.15,Video
2.839,33,3076,93.21,18.24,127,64,11.63,1083.59,ICMP
10.012,35,3478,99.37,21.38,127,64,3.5,347.37,ICMP
67.499,283,365022,1289.83,108.57,1480,1104,4.19,5407.81,Video
36.389,740,951669,1286.04,111.51,1480,1100,20.34,26152.82,Video
89.743,3019,4377684,1450.04,29.15,1500,1400,33.64,48780.31,FileTransfer
42.308,962,1393591,1448.64,28.75,1500,1400,22.74,32939.51,FileTransfer
6.926,45,32212,715.82,482.23,1429,73,6.5,4651.04,Web
25.388,2113,3063705,1449.93,28.84,1500,1400,83.23,120676.24,FileTransfer
17.83,85,60348,709.98,477.85,1439,68,4.77,3384.71,Web
58.75,391,82146,210.09,42.01,280,140,6.66,1398.24,VoIP
8.731,26,4842,186.23,72.15,304,67,2.98,554.58,WhatsApp
3.705,29,20227,722.39,476.35,1419,106,7.83,5459.7,Web
5.923,57,40172,717.36,481.44,1444,65,9.62,6781.96,Web
17.83,149,107838,728.64,492.32,1429,68,8.36,6048.15,Web
9.971,42,7512,178.86,75.59,310,67,4.21,753.38,WhatsApp
14.52,34,18475,543.38,186.61,879,226,2.34,1272.36,Email
74.389,449,650152,1448.0,28.58,1500,1400,6.04,8739.91,FileTransfer
25.594,2872,4164680,1450.1,29.27,1500,1400,112.21,162722.16,FileTransfer
6.785,2382,3455274,1450.58,28.97,1500,1400,351.08,509267.04,FileTransfer
94.956,717,928138,1294.47,106.89,1479,1100,7.55,9774.38,Video
10.046,19,3635,191.32,71.83,316,80,1.89,361.82,WhatsApp
3.893,50,10191,203.82,71.73,311,76,12.84,2617.74,WhatsApp
7.377,54,10843,200.8,71.72,320,77,7.32,1469.82,WhatsApp
24.804,1113,1614393,1450.49,28.83,1500,1400,44.87,65086.59,FileTransfer
13.491,73,39770,544.79,192.79,900,201,5.41,2947.86,Email
16.543,41,4040,98.54,18.54,127,64,2.48,244.21,ICMP
59.267,1466,2123521,1448.51,28.91,1500,1400,24.74,35829.53,FileTransfer
100.926,517,672184,1300.16,108.72,1480,1100,5.12,6660.19,Video
14.064,97,74328,774.25,516.55,1453,64,6.9,5285.01,Web
18.296,773,161467,208.88,40.4,280,140,42.25,8825.09,VoIP
108.006,900,1163596,1292.88,111.46,1480,1100,8.33,10773.39,Video
78.837,503,729558,1450.41,28.52,1500,1400,6.38,9253.98,FileTransfer
41.326,652,137928,211.55,40.24,280,140,15.78,3337.52,VoIP
24.618,79,39958,505.8,203.47,897,200,3.21,1623.11,Email
36.959,571,120174,210.46,40.57,280,140,15.45,3251.59,VoIP
5.577,136,101239,749.92,508.23,1460,66,24.39,18153.78,Web
55.259,445,645466,1450.49,28.82,1500,1400,8.05,11680.79,FileTransfer
28.089,911,193071,211.93,39.93,280,140,32.43,6873.46,VoIP
22.299,60,28393,473.22,197.74,866,201,2.69,1273.29,Email
26.982,898,188420,209.82,40.86,280,140,33.28,6983.16,VoIP
29.585,180,37942,210.79,40.21,277,142,6.08,1282.48,VoIP
32.895,960,202315,210.74,39.84,280,140,29.18,6150.29,VoIP
53.025,1392,1800876,1293.73,110.0,1480,1100,26.25,33962.79,Video
17.325,116,66309,571.63,206.89,899,208,6.7,3827.3,Email
13.868,579,749936,1295.23,106.36,1480,1100,41.75,54075.22,Video
89.416,457,591727,1294.81,112.09,1480,1100,5.11,6617.65,Video
13.059,974,1257554,1291.12,111.2,1480,1100,74.58,96296.75,Video
14.046,71,53128,758.97,498.38,1436,70,5.05,3782.44,Web
46.314,384,82203,214.07,40.72,280,140,8.29,1774.92,VoIP
15.075,7,723,103.29,7.26,113,94,0.46,47.96,ICMP
53.026,1791,2596961,1450.01,29.05,1500,1400,33.78,48975.53,FileTransfer
66.085,637,826252,1297.1,111.01,1480,1100,9.64,12502.91,Video
11.554,1348,1746387,1295.54,110.35,1480,1100,116.67,151154.03,Video
21.26,101,58291,577.14,213.26,898,200,4.75,2741.8,Email
6.909,201,42567,211.78,39.0,280,140,29.09,6161.0,VoIP
25.977,58,5577,96.16,16.56,126,64,2.23,214.69,ICMP
54.149,704,147018,208.83,41.93,280,140,13.0,2715.07,VoIP
19.564,22,16165,769.76,515.53,1452,102,1.12,826.27,Web
47.281,558,116977,209.64,41.4,280,140,11.8,2474.06,VoIP
78.64,2965,4297097,1449.27,28.85,1500,1400,37.7,54642.73,FileTransfer
17.932,331,427049,1290.18,108.38,1480,1100,18.46,23814.85,Video
24.45,39,21143,542.13,198.63,883,216,1.6,864.74,Email
23.003,29,2748,94.76,19.43,127,64,1.26,119.46,ICMP
39.491,1646,2384984,1448.96,28.72,1500,1400,41.68,60393.42,FileTransfer
10.422,38,23890,628.68,181.09,871,225,3.65,2292.16,Email
24.071,145,29463,203.19,38.41,277,140,6.02,1224.02,VoIP
18.421,100,74273,742.73,497.68,1454,68,5.43,4031.98,Web
10.81,2493,3612462,1449.04,29.39,1500,1400,230.61,334166.23,FileTransfer
1.661,33,3227,97.79,17.05,128,66,19.87,1942.94,ICMP
20.367,2618,3795587,1449.8,29.3,1500,1400,128.54,186357.2,FileTransfer
78.255,1870,2711334,1449.91,28.8,1500,1400,23.9,34647.43,FileTransfer
17.814,81,61184,764.8,522.3,1456,65,4.55,3434.65,Web
17.419,57,30111,528.26,204.56,900,208,3.27,1728.64,Email
27.261,319,66413,208.19,40.55,280,140,11.7,2436.21,VoIP
119.396,576,740383,1285.39,109.48,1480,1101,4.82,6201.06,Video
8.726,50,9633,192.66,75.0,320,66,5.73,1103.92,WhatsApp
1.212,38,7298,192.05,77.11,319,68,31.34,6019.83,WhatsApp
7.561,795,166529,209.47,40.27,280,140,105.15,22025.53,VoIP
27.883,716,151668,211.83,40.58,280,140,25.68,5439.43,VoIP
11.998,96,49982,520.65,197.21,887,201,8.0,4165.69,Email
10.746,94,51576,548.68,198.39,897,207,8.75,4799.37,Email
13.033,25,4101,164.04,69.79,320,66,1.92,314.67,WhatsApp
36.36,615,129502,210.57,41.2,280,140,16.91,3561.66,VoIP
10.287,80,15003,187.54,71.7,311,64,7.78,1458.42,WhatsApp
5.46,42,3921,93.36,17.9,127,65,7.69,718.18,ICMP
106.73,646,836733,1295.25,107.08,1480,1100,6.05,7839.74,Video
2.176,69,12935,187.46,80.85,316,69,31.7,5943.2,WhatsApp
4.79,116,66782,575.71,199.2,897,214,24.22,13942.49,Email
4.665,31,6035,194.68,77.35,317,71,6.65,1293.72,WhatsApp
9.263,90,46383,515.37,193.48,880,208,9.72,5007.33,Email
11.306,74,55350,758.22,514.13,1452,73,6.55,4895.51,Web
21.809,111,60559,545.58,212.63,897,201,5.09,2776.82,Email
32.276,1282,1858222,1449.47,29.07,1500,1400,39.72,57573.73,FileTransfer
5.229,46,8984,195.3,74.67,316,64,8.8,1718.04,WhatsApp
27.757,806,168014,208.45,41.09,280,140,29.04,6053.14,VoIP
81.191,2958,4291380,1450.77,28.81,1500,1400,36.43,52855.54,FileTransfer
22.245,162,34153,210.82,38.13,280,140,7.28,1535.34,VoIP
7.155,60,34459,574.32,197.25,892,217,8.39,4816.12,Email
23.393,27,12529,464.04,195.62,883,201,1.15,535.6,Email
9.618,61,11517,188.8,75.23,310,70,6.34,1197.4,WhatsApp
76.078,365,468048,1282.32,110.69,1480,1100,4.8,6152.18,Video
7.265,57,9375,164.47,73.8,315,65,7.85,1290.39,WhatsApp
90.628,913,1177879,1290.12,108.12,1479,1100,10.07,12996.9,Video
18.55,14,1300,92.86,15.2,126,72,0.75,70.08,ICMP
37.975,1460,2117211,1450.14,28.9,1500,1400,38.45,55752.42,FileTransfer
12.512,45,25704,571.2,195.87,853,201,3.6,2054.4,Email
64.999,354,453359,1280.68,107.7,1480,1100,5.45,6974.88,Video
24.313,556,806010,1449.66,29.28,1500,1400,22.87,33150.82,FileTransfer
12.008,65,12972,199.57,74.17,317,81,5.41,1080.32,WhatsApp
16.081,730,153274,209.96,40.83,280,140,45.4,9531.48,VoIP
7.767,124,90063,732.22,494.19,1446,64,15.96,11595.0,Web
34.728,503,104335,207.43,41.65,280,140,14.48,3004.38,VoIP
63.638,2477,3590314,1449.46,28.81,1500,1400,38.92,56418.2,FileTransfer
112.451,1584,2039959,1287.85,109.15,1480,1100,14.09,18140.81,Video
64.818,825,1062314,1287.65,111.87,1480,1100,12.73,16389.23,Video
16.971,1384,1787472,1291.53,108.34,1480,1100,81.55,105327.59,Video
6.529,36,19459,540.53,210.48,898,209,5.51,2980.62,Email
52.964,1231,1586697,1288.95,109.03,1480,1100,23.24,29958.19,Video
39.31,1201,1740271,1449.02,29.93,1500,1400,30.55,44270.5,FileTransfer
18.552,18,1735,96.39,16.81,127,64,0.97,93.52,ICMP
11.274,91,69139,768.21,519.04,1457,66,8.07,6132.73,Web
30.105,1422,2060290,1448.87,28.69,1500,1400,47.23,68436.31,FileTransfer
22.581,11,1072,97.45,19.3,128,68,0.49,47.47,ICMP
9.045,72,39586,549.81,197.59,900,214,7.96,4376.33,Email
101.024,748,963774,1288.47,111.98,1480,1100,7.4,9540.07,Video
4.109,135,99894,739.96,498.13,1441,72,32.85,24309.68,Web
12.278,71,14664,206.54,65.13,303,66,5.78,1194.34,WhatsApp
62.682,983,1267889,1289.82,110.96,1480,1100,15.68,20227.21,Video
57.771,439,92752,211.28,39.34,280,140,7.6,1605.5,VoIP
34.63,933,196622,210.74,42.39,280,140,26.94,5677.85,VoIP
5.204,60,46412,773.53,519.45,1453,101,11.53,8919.12,Web
3.105,75,14368,191.57,73.07,316,75,24.15,4627.42,WhatsApp
111.197,1350,1739753,1288.71,108.51,1480,1100,12.14,15645.71,Video
36.094,1623,2351778,1449.03,29.02,1500,1400,44.97,65157.49,FileTransfer
73.468,2705,3923653,1450.52,28.8,1500,1400,36.82,53406.1,FileTransfer
82.748,840,1082948,1289.22,108.41,1480,1100,10.15,13087.27,Video
22.798,36,3534,98.17,19.95,127,67,1.58,155.02,ICMP
38.074,3385,4909520,1450.38,29.34,1500,1400,88.91,128947.06,FileTransfer
13.787,42,3902,92.9,15.76,124,66,3.05,283.03,ICMP
2.158,73,38708,530.25,194.41,895,230,33.82,17933.71,Email
29.93,699,899023,1286.16,110.7,1480,1100,23.35,30037.34,Video
13.88,63,48137,776.4,543.66,1460,64,4.54,3468.17,Web
1.98,69,50956,749.35,505.5,1457,67,34.85,25735.26,Web
43.01,239,50249,210.25,38.65,280,140,5.56,1168.3,VoIP
83.531,1932,2487833,1287.7,109.98,1480,1100,23.13,29783.44,Video
26.508,20,1999,99.95,17.93,125,66,0.75,75.41,ICMP
2.901,34,24285,735.91,471.09,1336,82,11.72,8372.05,Web
8.267,77,46210,600.13,187.01,884,219,9.31,5589.7,Email
12.524,18,1743,96.83,19.14,128,66,1.44,139.17,ICMP
12.842,39,3634,93.18,18.92,127,64,3.04,282.97,ICMP
15.412,120,89750,747.92,507.4,1458,68,7.79,5823.56,Web
9.819,123,92128,755.15,519.99,1451,72,12.53,9382.77,Web
37.089,721,933388,1294.57,110.4,1480,1100,19.44,25166.18,Video
19.271,831,1073520,1291.84,112.15,1480,1100,43.12,55705.32,Video
6.233,1229,1783929,1451.53,29.47,1500,1400,197.18,286210.85,FileTransfer
2.161,150,113129,754.19,518.8,1448,66,69.43,52361.25,Web
18.298,289,60074,207.87,41.34,279,140,15.79,3283.07,VoIP
8.758,44,31228,726.23,506.34,1423,67,5.02,3565.61,Web
2.34,23,4229,183.87,73.09,311,69,9.83,1807.46,WhatsApp
7.885,18,11901,700.06,487.87,1438,87,2.28,1509.4,Web
5.482,47,4585,97.55,19.22,127,64,8.57,836.34,ICMP
30.99,1033,1333875,1291.26,108.64,1480,1100,33.33,43041.83,Video
47.44,1658,2404510,1450.25,29.77,1500,1400,34.95,50684.87,FileTransfer
3.102,71,37348,526.03,193.56,875,200,22.89,12038.42,Email
22.196,60,5604,93.4,17.31,124,64,2.7,252.48,ICMP
14.163,10,957,95.7,20.04,123,70,0.71,67.57,ICMP
81.043,1002,1295877,1293.29,106.62,1480,1100,12.36,15989.9,Video
39.036,196,41345,210.94,40.29,279,140,5.02,1059.14,VoIP
19.422,101,54478,539.39,212.14,889,200,5.2,2805.0,Email
26.238,41,4073,99.34,17.26,128,65,1.56,155.23,ICMP
89.242,1259,1617258,1284.56,109.59,1480,1100,14.11,18122.18,Video
34.024,474,99657,210.25,40.37,280,140,13.93,2928.98,VoIP
12.402,63,11996,190.41,71.44,314,71,5.08,967.28,WhatsApp
21.235,59,5697,96.56,18.02,128,66,2.78,268.28,ICMP
69.307,2766,4012291,1450.58,29.11,1500,1400,39.91,57891.93,FileTransfer
13.923,1708,2201686,1289.04,109.22,1480,1100,122.67,158131.09,Video
4.714,35,3397,97.06,20.8,128,66,7.42,720.62,ICMP
61.785,904,1167879,1291.9,108.25,1480,1100,14.63,18902.25,Video
85.665,949,1224630,1290.44,110.25,1480,1100,11.08,14295.65,Video
12.984,70,12952,185.03,72.51,319,68,5.39,997.54,WhatsApp
31.389,1985,2566370,1292.88,108.4,1480,1100,63.24,81760.46,Video
77.801,391,502768,1285.85,104.59,1480,1103,5.03,6462.25,Video
79.164,3264,4732356,1449.86,28.91,1500,1400,41.23,59779.48,FileTransfer
73.536,501,726233,1449.57,28.4,1500,1400,6.81,9875.92,FileTransfer
13.799,980,1420388,1449.38,29.52,1500,1400,71.02,102937.33,FileTransfer
9.174,34,6982,205.35,70.62,320,93,3.71,761.1,WhatsApp
69.954,766,988907,1291.0,110.67,1479,1100,10.95,14136.48,Video
12.949,46,9843,213.98,64.3,320,81,3.55,760.13,WhatsApp
26.897,276,357456,1295.13,107.11,1480,1100,10.26,13289.66,Video
5.153,133,95759,725.45,493.29,1452,64,25.81,18584.1,Web
22.853,103,53983,524.11,181.67,882,204,4.51,2362.15,Email
57.806,1220,1585237,1299.37,109.38,1480,1101,21.11,27423.47,Video
57.395,146,30225,207.02,40.14,280,140,2.54,526.62,VoIP
49.276,2491,3610916,1449.58,28.91,1500,1400,50.55,73279.3,FileTransfer
44.965,1956,2837411,1450.62,29.29,1500,1400,43.5,63103.01,FileTransfer
8.506,33,6092,184.61,72.8,318,72,3.88,716.22,WhatsApp
6.384,62,12711,205.02,74.86,315,64,9.71,1991.11,WhatsApp
87.157,622,800790,1287.44,106.22,1480,1100,7.14,9187.93,Video
1.769,34,6598,194.06,70.17,319,64,19.22,3729.28,WhatsApp
13.946,517,107495,207.92,41.43,280,140,37.07,7707.92,VoIP
56.034,434,90764,209.13,41.76,280,140,7.75,1619.8,VoIP
104.946,480,619773,1291.19,107.28,1480,1100,4.57,5905.62,Video
6.453,109,81497,754.6,502.08,1455,75,16.89,12628.58,Web
53.829,1299,1883190,1449.72,29.01,1500,1400,24.13,34984.43,FileTransfer
6.109,43,31635,753.21,509.38,1446,92,7.04,5178.52,Web
7.772,59,11909,201.85,66.46,320,66,7.59,1532.27,WhatsApp
11.926,48,4540,94.58,19.18,124,66,4.02,380.67,ICMP
71.251,2576,3735776,1450.22,29.01,1500,1400,36.15,52430.87,FileTransfer
14.098,67,12860,191.94,75.46,315,72,4.75,912.2,WhatsApp
49.208,2844,4121663,1449.25,28.82,1500,1400,57.8,83759.78,FileTransfer
5.235,1840,2666820,1449.36,28.92,1500,1400,351.45,509380.74,FileTransfer
16.066,2398,3475451,1449.31,29.39,1500,1400,149.26,216321.77,FileTransfer
26.928,2561,3714969,1450.59,28.95,1500,1400,95.11,137961.81,FileTransfer
19.35,45,24845,552.11,177.03,864,274,2.33,1283.99,Email
4.063,111,80314,730.13,506.24,1453,72,27.32,19766.3,Web
7.666,51,9655,189.31,70.7,313,72,6.65,1259.5,WhatsApp
33.786,1842,2671826,1450.5,29.12,1500,1400,54.52,79079.89,FileTransfer
5.477,69,12371,179.29,80.06,320,67,12.6,2258.56,WhatsApp
14.017,34,3451,101.5,20.7,128,64,2.43,246.2,ICMP
1.708,46,4434,96.39,18.3,126,67,26.93,2595.99,ICMP
2.168,148,106824,726.69,496.94,1460,68,68.26,49267.56,Web
30.216,715,149507,209.1,39.64,280,140,23.66,4947.94,VoIP
17.837,41,31810,795.25,531.62,1433,92,2.3,1783.4,Web
10.411,27,19711,758.12,492.6,1371,69,2.59,1893.36,Web
15.427,7,740,105.71,13.24,121,77,0.45,47.97,ICMP
75.174,1120,1445903,1290.98,110.96,1480,1100,14.9,19234.12,Video
1.767,28,20076,743.56,530.52,1411,72,15.84,11358.71,Web
49.647,842,175188,208.06,40.17,280,140,16.96,3528.68,VoIP
43.424,1070,1551287,1449.8,29.01,1500,1400,24.64,35723.79,FileTransfer
14.482,34,6774,199.24,73.41,315,69,2.35,467.76,WhatsApp
79.462,1404,1815802,1293.31,110.1,1480,1100,17.67,22851.09,Video
29.513,34,3346,98.41,17.27,127,65,1.15,113.37,ICMP
104.728,356,461688,1296.88,109.32,1480,1100,3.4,4408.47,Video
16.459,62,34827,561.73,190.67,895,230,3.77,2115.97,Email
6.723,131,97080,746.77,501.31,1453,70,19.48,14439.4,Web
19.687,47,26139,556.15,185.84,854,210,2.39,1327.72,Email
49.508,302,64373,213.16,41.85,280,140,6.1,1300.24,VoIP
7.707,31,6542,211.03,63.4,313,101,4.02,848.84,WhatsApp
15.968,2942,4267070,1450.4,29.01,1500,1400,184.24,267228.41,FileTransfer
76.174,1463,1883029,1287.1,110.74,1480,1100,19.21,24720.24,Video
18.937,134,99839,750.67,501.1,1454,67,7.08,5272.13,Web
11.59,46,9359,203.46,65.95,303,65,3.97,807.48,WhatsApp
8.07,34,3319,97.62,20.24,126,65,4.21,411.29,ICMP
18.256,2592,3758086,1449.88,28.9,1500,1400,141.98,205857.54,FileTransfer
11.313,35,3429,97.97,19.39,127,64,3.09,303.1,ICMP
14.488,11,2049,186.27,84.54,315,69,0.76,141.43,WhatsApp
13.1,55,27739,504.35,184.28,838,207,4.2,2117.47,Email
21.296,76,42842,563.71,210.02,880,212,3.57,2011.71,Email
38.062,233,47732,204.86,41.1,280,140,6.12,1254.05,VoIP
20.027,26,2668,102.62,14.89,128,76,1.3,133.22,ICMP
23.063,3267,4738167,1450.31,29.11,1500,1400,141.65,205440.99,FileTransfer
16.547,10,1010,101.0,21.01,128,72,0.6,61.04,ICMP
7.736,22,2089,94.95,19.95,127,64,2.84,270.05,ICMP
78.209,1315,1906977,1450.17,29.28,1500,1400,16.81,24383.13,FileTransfer
49.969,1344,1946675,1448.42,29.33,1500,1400,26.9,38957.48,FileTransfer
29.658,568,117943,207.65,41.04,280,140,19.15,3976.76,VoIP
54.014,1446,2095528,1449.19,28.92,1500,1400,26.77,38796.3,FileTransfer
13.345,42,8049,191.64,76.62,308,66,3.15,603.15,WhatsApp
22.786,96,52080,542.5,199.85,899,200,4.21,2285.6,Email
74.056,618,796140,1288.25,110.01,1479,1100,8.35,10750.52,Video
61.447,738,1069851,1449.66,28.58,1500,1400,12.01,17410.9,FileTransfer
14.619,37,26206,727.94,482.86,1438,79,2.53,1792.61,Web
13.878,52,9297,178.79,76.38,306,68,3.75,669.91,WhatsApp
19.319,105,55265,526.33,191.01,889,208,5.44,2860.67,Email
26.311,46,4484,97.48,18.33,128,65,1.75,170.42,ICMP
6.918,42,30669,748.02,507.23,1457,69,6.07,4432.9,Web
59.869,628,134368,213.96,40.88,280,140,10.49,2244.36,VoIP
51.871,1359,1760958,1295.77,110.75,1480,1100,26.2,33948.71,Video
40.056,520,671080,1290.54,110.69,1480,1100,12.98,16753.72,Video
10.361,52,38696,758.75,509.25,1458,65,5.02,3734.62,Web
3.942,51,4889,95.86,18.46,125,64,12.94,1240.29,ICMP
8.982,113,62212,550.55,210.02,895,203,12.58,6926.44,Email
78.948,1934,2492303,1288.68,110.73,1480,1100,24.5,31569.12,Video
16.177,17,12385,774.06,473.09,1367,123,1.05,765.59,Web
9.161,89,52416,588.94,209.8,900,205,9.72,5721.8,Email
12.826,70,13025,186.07,72.99,311,68,5.46,1015.55,WhatsApp
116.29,380,490332,1290.35,113.7,1479,1101,3.27,4216.48,Video
10.267,71,50142,716.31,476.58,1428,74,6.92,4883.79,Web
42.824,714,151036,211.54,40.38,280,140,16.67,3526.94,VoIP
8.516,132,95525,729.2,484.43,1450,65,15.5,11216.85,Web
24.857,154,32466,210.82,41.27,280,141,6.2,1306.12,VoIP
67.997,2064,2991623,1449.43,29.17,1500,1400,30.35,43996.24,FileTransfer
5.586,46,33503,744.51,512.67,1431,77,8.23,5997.74,Web
45.231,2365,3428744,1449.79,29.63,1500,1400,52.29,75804.67,FileTransfer
73.024,794,1025352,1291.38,109.02,1480,1100,10.87,14041.28,Video
5.404,27,5552,205.63,68.52,309,67,5.0,1027.4,WhatsApp
13.088,67,13490,201.34,77.86,320,64,5.12,1030.68,WhatsApp
13.996,524,111897,213.54,40.24,280,140,37.44,7994.82,VoIP
32.608,1205,1746349,1449.25,28.32,1500,1400,36.95,53555.81,FileTransfer
22.743,67,38347,572.34,204.52,896,208,2.95,1686.14,Email
44.475,251,52560,209.4,40.21,279,140,5.64,1181.78,VoIP
63.468,2975,4312660,1449.63,28.81,1500,1400,46.87,67950.46,FileTransfer
10.695,1860,2400213,1290.44,109.58,1480,1100,173.91,224420.87,Video
9.618,25,5390,215.6,69.88,319,78,2.6,560.38,WhatsApp
28.461,1538,2229364,1449.52,29.14,1500,1400,54.04,78329.13,FileTransfer
10.641,41,8050,196.34,87.17,313,66,3.85,756.54,WhatsApp
15.46,32,23328,752.52,518.04,1421,66,2.07,1508.95,Web
6.128,49,10581,215.94,65.51,319,66,8.0,1726.64,WhatsApp
17.555,77,57373,754.91,501.11,1455,64,4.39,3268.15,Web
19.311,15,11428,761.87,483.7,1376,119,0.78,591.79,Web
10.735,118,65921,558.65,189.99,894,206,10.99,6140.64,Email
53.853,996,210119,210.96,41.29,280,140,18.49,3901.7,VoIP
53.153,626,132107,211.03,41.16,280,140,11.78,2485.43,VoIP
114.264,779,1000094,1283.82,109.37,1480,1101,6.82,8752.49,Video
9.783,57,41406,739.39,476.85,1409,103,5.83,4232.29,Web
20.757,2468,3579753,1450.47,29.25,1500,1400,118.9,172462.41,FileTransfer
1.76,148,107553,731.65,492.22,1456,64,84.11,61121.94,Web
26.396,34,3304,97.18,19.32,128,67,1.29,125.17,ICMP
32.916,1392,2017097,1449.06,28.9,1500,1400,42.29,61280.59,FileTransfer
1.691,107,83273,785.59,530.68,1459,70,63.26,49232.31,Web
23.43,120,67344,561.2,197.26,900,209,5.12,2874.29,Email
21.082,747,156302,209.24,40.75,280,140,35.43,7413.85,VoIP
48.445,2800,4058510,1449.47,29.25,1500,1400,57.8,83774.97,FileTransfer
17.294,146,105551,727.94,479.2,1459,78,8.44,6103.33,Web
26.837,685,144023,210.25,41.27,280,140,25.52,5366.65,VoIP
20.503,24,10972,457.17,202.48,878,205,1.17,535.14,Email
7.757,592,125122,211.35,41.6,280,140,76.31,16129.26,VoIP
25.595,1252,1817561,1451.73,29.57,1500,1400,48.92,71011.83,FileTransfer
2.431,60,44572,742.87,496.84,1445,76,24.68,18332.79,Web
79.593,2168,3142034,1449.28,29.12,1500,1400,27.24,39476.17,FileTransfer
14.849,1492,1930994,1294.23,109.32,1480,1100,100.48,130045.88,Video
8.963,1369,1984146,1449.34,29.71,1500,1400,152.74,221372.37,FileTransfer
12.304,22,3924,178.36,71.8,295,64,1.79,318.92,WhatsApp
10.634,31,5622,181.35,66.6,319,75,2.92,528.68,WhatsApp
27.995,633,918982,1451.79,28.52,1500,1400,22.61,32826.48,FileTransfer
117.228,1314,1693913,1289.13,111.08,1480,1100,11.21,14449.67,Video
5.173,52,9773,187.94,81.83,319,68,10.05,1889.11,WhatsApp
55.409,2600,3770572,1450.22,28.85,1500,1400,46.92,68049.33,FileTransfer
19.789,2473,3586672,1450.33,29.3,1500,1400,124.97,181244.13,FileTransfer
49.663,857,1243565,1451.07,29.49,1500,1400,17.26,25039.86,FileTransfer
10.485,26,5383,207.04,72.43,314,78,2.48,513.39,WhatsApp
39.54,436,632305,1450.24,29.37,1500,1400,11.03,15991.73,FileTransfer
36.524,1528,1975489,1292.86,110.21,1479,1100,41.84,54087.98,Video
24.373,336,71399,212.5,39.58,280,140,13.79,2929.4,VoIP
11.484,72,53651,755.65,496.87,1436,77,6.27,4671.86,Web
34.482,1946,2819986,1449.12,29.04,1500,1400,56.44,81781.93,FileTransfer
37.018,740,951715,1286.1,111.7,1480,1100,19.99,25709.58,Video
15.997,1235,1590278,1287.67,110.46,1480,1100,77.2,99413.05,Video
17.042,18,11837,696.29,451.16,1284,136,1.06,694.59,Web
8.997,20,4048,202.4,62.77,294,79,2.22,449.92,WhatsApp
10.272,80,15785,197.31,77.02,319,64,7.79,1536.67,WhatsApp
14.089,113,85158,760.34,509.96,1458,69,8.02,6044.41,Web
21.237,40,24006,600.15,216.98,861,227,1.88,1130.41,Email
59.594,961,202956,211.19,40.05,280,140,16.13,3405.62,VoIP
31.95,3002,4354836,1450.64,29.09,1500,1400,93.96,136301.41,FileTransfer
56.103,304,63988,210.49,39.39,280,140,5.42,1140.55,VoIP
57.199,2665,3864236,1449.99,29.11,1500,1400,46.59,67558.18,FileTransfer
53.694,457,587651,1285.89,110.82,1477,1100,8.51,10944.35,Video
19.663,57,5473,96.02,18.73,126,65,2.9,278.34,ICMP
17.26,830,1067930,1286.66,108.05,1480,1100,48.09,61874.84,Video
6.956,72,13049,181.24,72.03,318,67,10.35,1876.05,WhatsApp
14.91,280,58689,209.6,40.38,280,140,18.78,3936.33,VoIP
2.531,87,65614,762.95,510.11,1459,64,34.38,25925.71,Web
4.486,65,37013,569.43,204.62,900,214,14.49,8250.38,Email
39.923,1203,1742929,1448.82,29.36,1500,1400,30.13,43656.73,FileTransfer
53.079,1671,2421079,1448.88,28.92,1500,1400,31.48,45613.02,FileTransfer
72.394,791,1146776,1449.78,29.37,1500,1400,10.93,15840.85,FileTransfer
3.138,115,60200,523.48,198.0,900,213,36.65,19184.12,Email
57.422,1197,1545569,1291.2,110.65,1480,1100,20.85,26916.07,Video
17.981,102,54986,539.08,186.99,881,212,5.67,3057.96,Email
71.316,1239,1794713,1448.52,29.17,1500,1400,17.37,25165.58,FileTransfer
24.631,495,640458,1293.85,110.69,1480,1101,20.1,26001.64,Video
53.977,2083,3020534,1450.09,28.98,1500,1400,38.59,55960.16,FileTransfer
36.742,920,193189,209.99,40.42,280,140,25.04,5258.04,VoIP
8.797,55,10910,198.36,73.19,315,66,6.25,1240.25,WhatsApp
24.522,96,51500,536.46,203.65,899,205,3.91,2100.17,Email
13.993,111,63187,569.25,215.6,900,201,7.93,4515.61,Email
21.513,162,34191,211.06,42.22,280,140,7.53,1589.34,VoIP
16.347,29,2860,98.62,19.63,127,65,1.77,174.95,ICMP
79.549,292,376592,1289.7,105.94,1480,1100,3.67,4734.1,Video
92.936,1350,1735510,1285.56,111.67,1480,1100,14.53,18674.15,Video
53.224,622,803568,1291.91,108.22,1479,1102,11.69,15097.95,Video
97.342,1556,2015884,1295.56,111.09,1480,1100,15.98,20709.23,Video
93.427,1735,2231910,1286.4,108.76,1480,1100,18.57,23889.42,Video
17.573,46,23643,513.98,192.57,887,209,2.62,1345.45,Email
19.439,71,51991,742.73,502.1,1438,67,3.65,2674.6,Web
6.888,1953,2828736,1448.41,29.89,1500,1400,283.56,410704.86,FileTransfer
24.883,9,936,104.0,20.32,127,68,0.36,37.62,ICMP
5.336,50,26980,539.6,188.76,879,201,9.37,5056.16,Email
49.231,709,1028492,1450.62,28.42,1500,1400,14.4,20890.98,FileTransfer
52.5,1595,2310707,1448.72,29.16,1500,1400,30.38,44013.28,FileTransfer
25.557,40,3775,94.38,19.88,128,65,1.57,147.71,ICMP
28.888,3302,4788146,1450.07,28.98,1500,1400,114.3,165749.39,FileTransfer
1.961,130,97868,752.83,513.77,1460,64,66.3,49910.68,Web
43.555,171,35311,206.5,40.87,280,140,3.93,810.73,VoIP
18.206,57,5404,94.81,16.51,128,64,3.13,296.83,ICMP
8.661,22,4147,188.5,83.94,313,70,2.54,478.84,WhatsApp
13.514,49,4647,94.84,18.94,128,64,3.63,343.87,ICMP
88.105,1710,2479049,1449.74,28.57,1500,1400,19.41,28137.48,FileTransfer
55.387,2635,3819540,1449.54,29.03,1500,1400,47.57,68960.33,FileTransfer
96.09,1316,1704558,1295.26,108.34,1480,1100,13.7,17739.26,Video
67.59,3222,4670521,1449.57,29.01,1500,1400,47.67,69100.32,FileTransfer
56.657,1581,2294037,1451.0,29.16,1500,1400,27.9,40489.9,FileTransfer
46.647,667,142008,212.91,39.06,280,140,14.3,3044.33,VoIP
21.411,48,4515,94.06,18.74,128,66,2.24,210.87,ICMP
12.741,68,37745,555.07,203.58,889,221,5.34,2962.42,Email
15.197,34,23207,703.24,467.69,1442,64,2.24,1527.06,Web
59.799,1274,1847467,1450.13,28.81,1500,1400,21.3,30894.83,FileTransfer
16.359,15,11955,797.0,517.59,1448,150,0.92,730.81,Web
72.509,1975,2544526,1288.37,111.36,1480,1100,27.24,35092.5,Video
2.707,55,39775,723.18,473.15,1455,68,20.32,14694.82,Web
24.878,2346,3401857,1450.07,29.62,1500,1400,94.3,136740.57,FileTransfer
81.089,847,1228805,1450.77,29.21,1500,1400,10.45,15153.86,FileTransfer
17.297,1904,2458537,1291.25,110.25,1480,1100,110.08,142137.26,Video
18.819,48,27245,567.6,226.04,886,205,2.55,1447.77,Email
17.807,104,54893,527.82,197.41,890,203,5.84,3082.72,Email
68.676,1050,1522420,1449.92,28.87,1500,1400,15.29,22168.11,FileTransfer
9.154,29,2738,94.41,20.17,128,64,3.17,299.12,ICMP
43.608,398,84760,212.96,39.59,280,140,9.13,1943.68,VoIP
12.498,12,1145,95.42,20.97,122,65,0.96,91.61,ICMP
8.771,92,51508,559.87,206.94,893,201,10.49,5872.3,Email
3.68,20,14911,745.55,503.35,1431,74,5.44,4052.3,Web
22.587,33,3268,99.03,19.96,127,64,1.46,144.69,ICMP
86.861,1388,1795866,1293.85,110.36,1480,1100,15.98,20675.07,Video
19.469,52,30038,577.65,190.02,881,217,2.67,1542.88,Email
13.227,60,30788,513.13,183.01,888,202,4.54,2327.6,Email
15.446,1082,1390994,1285.58,110.69,1480,1101,70.05,90055.71,Video
18.901,114,60585,531.45,191.48,900,225,6.03,3205.33,Email
91.928,1134,1455862,1283.83,107.6,1480,1100,12.34,15836.97,Video
18.355,13,1136,87.38,15.27,116,66,0.71,61.89,ICMP
5.17,38,27798,751.3,504.72,1434,84,7.35,5376.7,Web
12.76,34,3132,92.12,13.12,122,69,2.66,245.46,ICMP
62.641,1858,2389404,1286.01,109.04,1480,1100,29.66,38144.24,Video
19.809,32,2845,88.91,16.66,125,65,1.62,143.62,ICMP
12.137,113,85133,760.12,515.81,1452,64,9.31,7014.57,Web
27.945,33,3222,97.64,18.07,127,65,1.18,115.3,ICMP
59.561,1740,2246182,1290.91,108.13,1480,1100,29.21,37712.38,Video
27.185,153,32429,211.95,40.15,280,140,5.63,1192.91,VoIP
89.458,1463,2119672,1448.85,29.47,1500,1400,16.35,23694.6,FileTransfer
6.899,36,26117,746.2,501.94,1415,73,5.22,3785.88,Web
77.199,464,599521,1292.07,110.95,1479,1100,6.01,7765.95,Video
53.82,2836,4112871,1450.24,29.42,1500,1400,52.69,76419.03,FileTransfer
4.784,49,38048,792.67,530.37,1460,70,10.24,7953.97,Web
24.919,110,60087,546.25,217.85,890,205,4.41,2411.28,Email
2.743,75,14771,196.95,76.65,316,67,27.35,5385.72,WhatsApp
2.614,27,2379,88.11,18.88,121,65,10.33,910.25,ICMP
11.429,1657,2401598,1449.37,29.07,1500,1400,144.98,210128.27,FileTransfer
13.965,67,36725,548.13,193.7,887,215,4.8,2629.73,Email
26.6,1166,1499253,1285.81,108.07,1480,1100,43.83,56362.82,Video
11.016,17,1560,91.76,15.28,117,65,1.54,141.61,ICMP
14.641,17,1683,99.0,18.98,127,69,1.16,114.95,ICMP
10.436,100,75767,757.67,509.97,1460,65,9.58,7260.34,Web
104.999,515,666045,1293.29,108.18,1479,1100,4.9,6343.38,Video
10.33,9,778,86.44,14.29,109,68,0.87,75.32,ICMP
86.602,767,990594,1291.52,110.86,1480,1100,8.86,11438.53,Video
15.704,2063,2990296,1449.49,29.43,1500,1400,131.37,190416.52,FileTransfer
14.774,748,155483,207.86,40.78,280,140,50.63,10524.33,VoIP
21.712,534,692627,1297.05,110.6,1480,1101,24.59,31899.96,Video
79.867,2166,3140700,1450.0,29.27,1500,1400,27.12,39324.08,FileTransfer
8.096,51,10693,209.67,66.39,320,78,6.3,1320.79,WhatsApp
66.164,794,1027000,1293.45,110.99,1480,1100,12.0,15522.08,Video
23.619,79,44848,567.7,212.75,893,207,3.34,1898.79,Email
3.994,7,676,96.57,19.83,126,79,1.75,169.27,ICMP
24.841,59,33926,575.02,218.95,899,212,2.38,1365.73,Email
47.921,860,1108733,1289.22,110.16,1480,1100,17.95,23136.88,Video
6.143,120,87715,730.96,494.23,1441,67,19.53,14278.54,Web
2.899,8,718,89.75,15.81,115,72,2.76,247.69,ICMP
10.068,36,6729,186.92,77.51,317,66,3.58,668.36,WhatsApp
11.168,60,10285,171.42,75.31,309,68,5.37,920.97,WhatsApp
4.148,73,38180,523.01,205.97,892,202,17.6,9203.64,Email
15.032,212,44403,209.45,40.08,279,140,14.1,2953.85,VoIP
2.355,44,8862,201.41,80.42,319,67,18.68,3762.52,WhatsApp
4.619,29,20877,745.61,475.55,1444,78,6.28,4519.85,Web
83.259,1096,1415765,1291.76,108.56,1480,1100,13.16,17004.41,Video
5.743,50,8683,173.66,71.53,316,65,8.71,1512.0,WhatsApp
63.954,2031,2946102,1450.57,29.41,1500,1400,31.76,46066.0,FileTransfer
115.441,1539,1981201,1287.33,109.16,1480,1100,13.33,17161.98,Video
19.564,704,1020364,1449.38,29.62,1500,1400,35.98,52155.35,FileTransfer
18.177,694,144160,207.72,40.72,280,140,38.18,7930.99,VoIP
47.94,633,132647,209.55,41.87,280,140,13.2,2766.92,VoIP
16.481,82,41525,506.4,183.94,884,207,4.98,2519.63,Email
15.015,90,66760,741.78,484.49,1443,78,5.99,4446.28,Web
80.647,1605,2070079,1289.77,109.9,1480,1100,19.9,25668.3,Video
27.75,3090,4482312,1450.59,29.1,1500,1400,111.35,161525.15,FileTransfer
30.069,1218,1765257,1449.31,28.85,1500,1400,40.51,58706.33,FileTransfer
19.593,101,55494,549.45,206.25,892,204,5.15,2832.27,Email
93.022,1466,1884836,1285.7,113.15,1480,1100,15.76,20262.17,Video
63.551,1801,2611903,1450.25,28.95,1500,1400,28.34,41099.62,FileTransfer
9.833,118,85901,734.2,495.52,1427,64,12.0,8735.83,Web
82.575,946,1372603,1450.95,28.43,1500,1400,11.46,16622.59,FileTransfer
32.841,405,85327,210.68,40.84,280,140,12.33,2598.22,VoIP
82.609,1943,2816686,1449.66,29.74,1500,1400,23.52,34096.43,FileTransfer
19.538,25,2350,94.0,22.31,128,64,1.28,120.28,ICMP
73.494,1574,2032076,1291.03,109.08,1480,1100,21.42,27649.7,Video
40.414,563,118612,210.68,40.05,280,140,13.93,2934.94,VoIP
57.46,1601,2320508,1449.41,29.98,1500,1400,27.86,40385.02,FileTransfer
80.427,3386,4911401,1450.5,28.86,1500,1400,42.1,61066.8,FileTransfer
7.354,40,19997,499.93,188.47,885,204,5.44,2719.08,Email
118.397,1870,2410682,1289.13,109.49,1480,1100,15.79,20361.01,Video
13.504,98,73706,759.86,518.61,1444,66,7.26,5458.14,Web
24.308,878,186851,212.81,41.29,280,140,36.12,7686.86,VoIP
34.579,276,57444,208.13,41.45,280,140,7.98,1661.26,VoIP
14.233,100,52918,529.18,195.98,900,203,7.03,3718.08,Email
111.775,482,620960,1288.3,110.88,1479,1100,4.31,5555.47,Video
41.261,526,111461,211.9,40.94,280,140,12.75,2701.34,VoIP
53.233,655,137280,209.59,39.9,280,140,12.3,2578.87,VoIP
18.851,108,60172,557.15,201.75,897,218,5.73,3191.93,Email
23.683,70,40380,576.86,203.74,898,202,2.96,1705.0,Email
15.061,21,9584,456.38,189.31,890,200,1.39,636.35,Email
20.269,6,623,103.83,17.81,126,74,0.3,30.74,ICMP
20.047,36,3444,95.67,18.43,127,64,1.8,171.79,ICMP
5.151,200,43158,215.79,42.02,280,141,38.83,8378.52,VoIP
73.469,768,992671,1292.54,111.21,1480,1100,10.45,13511.34,Video
38.226,541,112879,208.65,41.83,280,140,14.15,2952.94,VoIP
14.058,32,3030,94.69,19.44,128,64,2.28,215.54,ICMP
35.77,718,153305,213.52,40.24,280,140,20.07,4285.88,VoIP
19.017,2356,3414883,1449.44,28.88,1500,1400,123.89,179569.47,FileTransfer
1.766,26,4872,187.38,75.89,319,65,14.73,2759.32,WhatsApp
15.483,83,62378,760.71,514.61,1457,67,5.36,4028.85,Web
3.773,112,62932,561.89,212.27,897,202,29.69,16681.07,Email
14.589,59,10230,173.39,78.45,316,64,4.04,701.22,WhatsApp
10.883,2302,3336582,1449.43,29.12,1500,1400,211.52,306575.92,FileTransfer
106.499,1698,2199852,1295.55,108.72,1480,1100,15.94,20656.0,Video
13.197,2188,3172407,1449.91,29.11,1500,1400,165.8,240394.95,FileTransfer
3.171,146,107987,744.74,500.23,1457,64,46.04,34052.66,Web
25.383,3174,4602263,1449.99,29.23,1500,1400,125.04,181313.12,FileTransfer
31.388,261,55016,210.79,41.64,280,140,8.32,1752.78,VoIP
22.665,113,61158,541.22,212.54,899,201,4.99,2698.32,Email
42.181,311,66523,213.9,38.51,280,140,7.37,1577.08,VoIP
51.099,903,188438,208.68,41.02,280,140,17.67,3687.7,VoIP
73.48,1350,1746272,1293.53,110.87,1480,1100,18.37,23765.31,Video
21.105,26,14505,557.88,210.46,899,202,1.23,687.29,Email
33.595,709,911017,1284.93,109.02,1480,1100,21.1,27117.97,Video
8.537,110,59365,539.68,208.27,897,203,12.88,6953.78,Email
15.359,86,65026,765.01,523.43,1449,65,5.6,4233.66,Web
10.053,32,2932,91.62,18.38,125,64,3.18,291.67,ICMP
11.311,26,2366,91.0,19.61,128,64,2.3,209.18,ICMP
6.177,55,5508,100.15,18.51,128,66,8.9,891.72,ICMP
109.225,1537,1976327,1285.83,110.4,1480,1100,14.07,18094.07,Video
11.387,97,50582,521.46,199.64,898,217,8.52,4442.1,Email
4.259,5,490,98.0,16.28,119,79,1.17,115.04,ICMP
8.525,70,13571,193.87,71.04,319,71,8.21,1591.86,WhatsApp
15.605,52,36095,707.75,457.3,1457,90,3.33,2313.06,Web
49.934,1627,2098267,1289.65,110.88,1480,1100,32.58,42021.2,Video
82.878,1873,2423883,1294.12,110.31,1480,1100,22.6,29246.4,Video
38.003,269,57407,213.41,40.71,280,140,7.08,1510.59,VoIP
18.77,15,11592,772.8,501.72,1457,113,0.8,617.6,Web
10.582,17,2745,161.47,78.57,315,64,1.61,259.4,WhatsApp
29.717,982,1262642,1285.79,109.45,1480,1100,33.04,42488.17,Video
73.697,1182,1523289,1288.74,111.68,1480,1100,16.04,20669.53,Video
10.282,253,53312,210.72,41.22,280,140,24.61,5185.22,VoIP
9.423,39,27876,733.58,480.54,1350,71,4.14,2958.34,Web
6.405,32,6370,199.06,74.56,317,70,5.0,994.5,WhatsApp
13.379,23,15294,695.18,487.01,1326,64,1.72,1143.17,Web
12.457,29,14773,509.41,205.39,892,225,2.33,1185.93,Email
70.201,1334,1932894,1448.95,29.45,1500,1400,19.0,27533.81,FileTransfer
2.168,65,35555,547.0,210.68,892,207,29.98,16397.21,Email
18.801,453,94367,208.32,40.67,280,140,24.09,5019.19,VoIP
21.338,64,33809,528.27,187.31,877,212,3.0,1584.45,Email
24.791,64,35832,559.88,193.47,889,201,2.58,1445.36,Email
17.332,749,964188,1287.3,110.32,1480,1100,43.22,55631.44,Video
16.14,21,11139,530.43,162.93,886,208,1.3,690.14,Email
2.162,143,104859,738.44,493.0,1452,67,66.14,48502.14,Web
45.069,587,758717,1292.53,107.6,1480,1103,13.02,16834.67,Video
35.367,104,21749,209.12,41.45,280,140,2.94,614.95,VoIP
9.124,102,75620,748.71,492.25,1460,67,11.18,8287.83,Web
4.968,7,756,108.0,15.87,121,83,1.41,152.18,ICMP
84.906,880,1137127,1292.19,108.28,1480,1100,10.36,13392.83,Video
29.22,1572,2278115,1449.18,29.13,1500,1400,53.8,77964.07,FileTransfer
5.377,21,1936,92.19,15.23,119,66,3.91,360.05,ICMP
